mm/dd/yyyy hh:mm, year, month, day, hour, min, HFC-134a, flag, HCFC-22, flag, HCFC-141b, flag, HCFC-142b, flag, CH3Cl, flag, CH3Br, flag, H-1211, flag, H-1301, flag, HFC-152a, flag, CH2Cl2, flag, TCE, flag, PCE, flag, CFC-113, flag, CH3CCl3, flag, CHCl3, flag, SF6, flag, HFC-365mfc, flag, SO2F2, flag, HFC-125, flag, HFC-23, flag, PFC-116, flag, PFC-218, flag, PFC-14, flag, HFC-227ea, flag, HFC-245fa, flag, HFC-236fa, flag, CFC-115, flag, CFC-114, flag, HFC4310mee, flag, NF3, flag, CFC-11, flag, CFC-12, flag, CCl4, flag, HFC-32, flag, HFC-143a, flag, H-2402, flag, CFC-13, flag
10/13/1994 23:54,1994,10,13,23,54,9.303, P, , , , ,36.356, P, , , , ,6.18, P, , ,2.752, P, , , , , , ,-99.99, ,-99.99, , , ,-99.99, , , ,-99.99, , , ,-99.99, ,-99.99, ,-99.99, ,-99.99, ,-99.99, ,-99.99, ,-99.99, ,-99.99, ,-99.99, ,-99.99, ,-99.99, ,-99.99, ,-99.99, ,-99.99, ,-99.99, ,-99.99, ,-99.99, ,-99.99, 
10/14/1994 05:58,1994,10,14,5,58,7.622, P, , , , ,33.776, P, , , , ,5.18, P, , ,3.143, P, , , , , , ,-99.99, ,-99.99, , , ,-99.99, , , ,-99.99, , , ,-99.99, ,-99.99, ,-99.99, ,-99.99, ,-99.99, ,-99.99, ,-99.99, ,-99.99, ,-99.99, ,-99.99, ,-99.99, ,-99.99, ,-99.99, ,-99.99, ,-99.99, ,-99.99, ,-99.99, ,-99.99, 
10/14/1994 11:59,1994,10,14,11,59,5.771, P, , , , ,31.127, P, , , , ,4.16, P, , ,2.65, P, , , , , , ,-99.99, ,-99.99, , , ,-99.99, , , ,-99.99, , , ,-99.99, ,-99.99, ,-99.99, ,-99.99, ,-99.99, ,-99.99, ,-99.99, ,-99.99, ,-99.99, ,-99.99, ,-99.99, ,-99.99, ,-99.99, ,-99.99, ,-99.99, ,-99.99, ,-99.99, ,-99.99, 
10/14/1994 18:07,1994,10,14,18,7, , , , , , , , , , , , , , , , , , , , , , , , ,-99.99, ,-99.99, , , ,-99.99, , , ,-99.99, , , ,-99.99, ,-99.99, ,-99.99, ,-99.99, ,-99.99, ,-99.99, ,-99.99, ,-99.99, ,-99.99, ,-99.99, ,-99.99, ,-99.99, ,-99.99, ,-99.99, ,-99.99, ,-99.99, ,-99.99, ,-99.99, 
10/15/1994 00:01,1994,10,15,0,1,5.174, P, , , , ,21.327, P, , , , ,4.62, P, , ,2.27, P, , , , , , ,-99.99, ,-99.99, , , ,-99.99, , , ,-99.99, , , ,-99.99, ,-99.99, ,-99.99, ,-99.99, ,-99.99, ,-99.99, ,-99.99, ,-99.99, ,-99.99, ,-99.99, ,-99.99, ,-99.99, ,-99.99, ,-99.99, ,-99.99, ,-99.99, ,-99.99, ,-99.99, 
10/15/1994 06:06,1994,10,15,6,6,4.856, P, , , , ,18.188, P, , , , ,5.13, P, , ,2.208, P, , , , , , ,-99.99, ,-99.99, , , ,-99.99, , , ,-99.99, , , ,-99.99, ,-99.99, ,-99.99, ,-99.99, ,-99.99, ,-99.99, ,-99.99, ,-99.99, ,-99.99, ,-99.99, ,-99.99, ,-99.99, ,-99.99, ,-99.99, ,-99.99, ,-99.99, ,-99.99, ,-99.99, 
10/15/1994 12:09,1994,10,15,12,9, , , , , , , , , , , , , , , , , , , , , , , , ,-99.99, ,-99.99, , , ,-99.99, , , ,-99.99, , , ,-99.99, ,-99.99, ,-99.99, ,-99.99, ,-99.99, ,-99.99, ,-99.99, ,-99.99, ,-99.99, ,-99.99, ,-99.99, ,-99.99, ,-99.99, ,-99.99, ,-99.99, ,-99.99, ,-99.99, ,-99.99, 
10/15/1994 23:04,1994,10,15,23,4,4.537, P, , , , ,17.069, P, , , , ,4.06, P, , ,1.725, P, , , , , , ,-99.99, ,-99.99, , , ,-99.99, , , ,-99.99, , , ,-99.99, ,-99.99, ,-99.99, ,-99.99, ,-99.99, ,-99.99, ,-99.99, ,-99.99, ,-99.99, ,-99.99, ,-99.99, ,-99.99, ,-99.99, ,-99.99, ,-99.99, ,-99.99, ,-99.99, ,-99.99, 
10/16/1994 05:08,1994,10,16,5,8,6.348, P, , , , ,17.148, P, , , , ,5.79, P, , ,1.705, P, , , , , , ,-99.99, ,-99.99, , , ,-99.99, , , ,-99.99, , , ,-99.99, ,-99.99, ,-99.99, ,-99.99, ,-99.99, ,-99.99, ,-99.99, ,-99.99, ,-99.99, ,-99.99, ,-99.99, ,-99.99, ,-99.99, ,-99.99, ,-99.99, ,-99.99, ,-99.99, ,-99.99, 
10/16/1994 22:24,1994,10,16,22,24,2, P, , , , ,9.535, P, , , , ,3.36, , , ,1.15, , , , , , , ,-99.99, ,-99.99, , , ,-99.99, , , ,-99.99, , , ,-99.99, ,-99.99, ,-99.99, ,-99.99, ,-99.99, ,-99.99, ,-99.99, ,-99.99, ,-99.99, ,-99.99, ,-99.99, ,-99.99, ,-99.99, ,-99.99, ,-99.99, ,-99.99, ,-99.99, ,-99.99, 
10/17/1994 04:28,1994,10,17,4,28,2.259, P, , , , ,11.507, P, , , , ,3.65, P, , ,1.222, , , , , , , ,-99.99, ,-99.99, , , ,-99.99, , , ,-99.99, , , ,-99.99, ,-99.99, ,-99.99, ,-99.99, ,-99.99, ,-99.99, ,-99.99, ,-99.99, ,-99.99, ,-99.99, ,-99.99, ,-99.99, ,-99.99, ,-99.99, ,-99.99, ,-99.99, ,-99.99, ,-99.99, 
10/17/1994 10:32,1994,10,17,10,32,1.711, P, , , , ,8.329, P, , , , ,3.48, , , ,1.15, , , , , , , ,-99.99, ,-99.99, , , ,-99.99, , , ,-99.99, , , ,-99.99, ,-99.99, ,-99.99, ,-99.99, ,-99.99, ,-99.99, ,-99.99, ,-99.99, ,-99.99, ,-99.99, ,-99.99, ,-99.99, ,-99.99, ,-99.99, ,-99.99, ,-99.99, ,-99.99, ,-99.99, 
10/17/1994 22:55,1994,10,17,22,55,3.711, P, , , , ,9.27, P, , , , ,3.33, , , ,4.046, P, , , , , , ,-99.99, ,-99.99, , , ,-99.99, , , ,-99.99, , , ,-99.99, ,-99.99, ,-99.99, ,-99.99, ,-99.99, ,-99.99, ,-99.99, ,-99.99, ,-99.99, ,-99.99, ,-99.99, ,-99.99, ,-99.99, ,-99.99, ,-99.99, ,-99.99, ,-99.99, ,-99.99, 
10/18/1994 04:59,1994,10,18,4,59,3.055, P, , , , ,8.025, P, , , , ,3.06, , , ,3.286, P, , , , , , ,-99.99, ,-99.99, , , ,-99.99, , , ,-99.99, , , ,-99.99, ,-99.99, ,-99.99, ,-99.99, ,-99.99, ,-99.99, ,-99.99, ,-99.99, ,-99.99, ,-99.99, ,-99.99, ,-99.99, ,-99.99, ,-99.99, ,-99.99, ,-99.99, ,-99.99, ,-99.99, 
10/18/1994 15:58,1994,10,18,15,58,4.119, P, , , , ,16.353, P, , , , ,3.66, P, , ,1.828, P, , , , , , ,-99.99, ,-99.99, , , ,-99.99, , , ,-99.99, , , ,-99.99, ,-99.99, ,-99.99, ,-99.99, ,-99.99, ,-99.99, ,-99.99, ,-99.99, ,-99.99, ,-99.99, ,-99.99, ,-99.99, ,-99.99, ,-99.99, ,-99.99, ,-99.99, ,-99.99, ,-99.99, 
10/18/1994 22:02,1994,10,18,22,2,1.871, P, , , , ,8.329, P, , , , ,3.18, , , ,1.212, , , , , , , ,-99.99, ,-99.99, , , ,-99.99, , , ,-99.99, , , ,-99.99, ,-99.99, ,-99.99, ,-99.99, ,-99.99, ,-99.99, ,-99.99, ,-99.99, ,-99.99, ,-99.99, ,-99.99, ,-99.99, ,-99.99, ,-99.99, ,-99.99, ,-99.99, ,-99.99, ,-99.99, 
10/19/1994 04:06,1994,10,19,4,6,1.493, , , , , ,7.171, , , , , ,3.23, , , ,1.078, , , , , , , ,-99.99, ,-99.99, , , ,-99.99, , , ,-99.99, , , ,-99.99, ,-99.99, ,-99.99, ,-99.99, ,-99.99, ,-99.99, ,-99.99, ,-99.99, ,-99.99, ,-99.99, ,-99.99, ,-99.99, ,-99.99, ,-99.99, ,-99.99, ,-99.99, ,-99.99, ,-99.99, 
10/19/1994 10:10,1994,10,19,10,10,1.433, , , , , ,7.142, , , , , ,3.19, , , ,1.048, , , , , , , ,-99.99, ,-99.99, , , ,-99.99, , , ,-99.99, , , ,-99.99, ,-99.99, ,-99.99, ,-99.99, ,-99.99, ,-99.99, ,-99.99, ,-99.99, ,-99.99, ,-99.99, ,-99.99, ,-99.99, ,-99.99, ,-99.99, ,-99.99, ,-99.99, ,-99.99, ,-99.99, 
10/19/1994 16:14,1994,10,19,16,14,1.502, , , , , ,7.151, , , , , ,3.16, , , ,1.078, , , , , , , ,-99.99, ,-99.99, , , ,-99.99, , , ,-99.99, , , ,-99.99, ,-99.99, ,-99.99, ,-99.99, ,-99.99, ,-99.99, ,-99.99, ,-99.99, ,-99.99, ,-99.99, ,-99.99, ,-99.99, ,-99.99, ,-99.99, ,-99.99, ,-99.99, ,-99.99, ,-99.99, 
10/19/1994 22:18,1994,10,19,22,18,1.443, , , , , ,7.25, , , , , ,3.09, , , ,1.078, , , , , , , ,-99.99, ,-99.99, , , ,-99.99, , , ,-99.99, , , ,-99.99, ,-99.99, ,-99.99, ,-99.99, ,-99.99, ,-99.99, ,-99.99, ,-99.99, ,-99.99, ,-99.99, ,-99.99, ,-99.99, ,-99.99, ,-99.99, ,-99.99, ,-99.99, ,-99.99, ,-99.99, 
10/20/1994 04:20,1994,10,20,4,20,1.642, , , , , ,7.691, , , , , ,3.39, , , ,1.099, , , , , , , ,-99.99, ,-99.99, , , ,-99.99, , , ,-99.99, , , ,-99.99, ,-99.99, ,-99.99, ,-99.99, ,-99.99, ,-99.99, ,-99.99, ,-99.99, ,-99.99, ,-99.99, ,-99.99, ,-99.99, ,-99.99, ,-99.99, ,-99.99, ,-99.99, ,-99.99, ,-99.99, 
10/20/1994 10:22,1994,10,20,10,22,1.602, , , , , ,8.103, P, , , , ,3.24, , , ,1.078, , , , , , , ,-99.99, ,-99.99, , , ,-99.99, , , ,-99.99, , , ,-99.99, ,-99.99, ,-99.99, ,-99.99, ,-99.99, ,-99.99, ,-99.99, ,-99.99, ,-99.99, ,-99.99, ,-99.99, ,-99.99, ,-99.99, ,-99.99, ,-99.99, ,-99.99, ,-99.99, ,-99.99, 
10/20/1994 16:24,1994,10,20,16,24,1.632, , , , , ,8.005, P, , , , ,3.26, , , ,1.109, , , , , , , ,-99.99, ,-99.99, , , ,-99.99, , , ,-99.99, , , ,-99.99, ,-99.99, ,-99.99, ,-99.99, ,-99.99, ,-99.99, ,-99.99, ,-99.99, ,-99.99, ,-99.99, ,-99.99, ,-99.99, ,-99.99, ,-99.99, ,-99.99, ,-99.99, ,-99.99, ,-99.99, 
10/20/1994 22:27,1994,10,20,22,27,1.662, P, , , , ,8.064, P, , , , ,3.23, , , ,1.089, , , , , , , ,-99.99, ,-99.99, , , ,-99.99, , , ,-99.99, , , ,-99.99, ,-99.99, ,-99.99, ,-99.99, ,-99.99, ,-99.99, ,-99.99, ,-99.99, ,-99.99, ,-99.99, ,-99.99, ,-99.99, ,-99.99, ,-99.99, ,-99.99, ,-99.99, ,-99.99, ,-99.99, 
10/21/1994 04:29,1994,10,21,4,29,1.672, P, , , , ,8.427, P, , , , ,3.28, , , ,1.181, , , , , , , ,-99.99, ,-99.99, , , ,-99.99, , , ,-99.99, , , ,-99.99, ,-99.99, ,-99.99, ,-99.99, ,-99.99, ,-99.99, ,-99.99, ,-99.99, ,-99.99, ,-99.99, ,-99.99, ,-99.99, ,-99.99, ,-99.99, ,-99.99, ,-99.99, ,-99.99, ,-99.99, 
10/21/1994 10:31,1994,10,21,10,31,1.632, , , , , ,8.662, P, , , , ,3.34, , , ,1.181, , , , , , , ,-99.99, ,-99.99, , , ,-99.99, , , ,-99.99, , , ,-99.99, ,-99.99, ,-99.99, ,-99.99, ,-99.99, ,-99.99, ,-99.99, ,-99.99, ,-99.99, ,-99.99, ,-99.99, ,-99.99, ,-99.99, ,-99.99, ,-99.99, ,-99.99, ,-99.99, ,-99.99, 
10/21/1994 16:33,1994,10,21,16,33,1.522, , , , , ,7.299, , , , , ,3.22, , , ,1.078, , , , , , , ,-99.99, ,-99.99, , , ,-99.99, , , ,-99.99, , , ,-99.99, ,-99.99, ,-99.99, ,-99.99, ,-99.99, ,-99.99, ,-99.99, ,-99.99, ,-99.99, ,-99.99, ,-99.99, ,-99.99, ,-99.99, ,-99.99, ,-99.99, ,-99.99, ,-99.99, ,-99.99, 
10/21/1994 22:36,1994,10,21,22,36,1.483, , , , , ,7.495, , , , , ,3.22, , , ,1.181, , , , , , , ,-99.99, ,-99.99, , , ,-99.99, , , ,-99.99, , , ,-99.99, ,-99.99, ,-99.99, ,-99.99, ,-99.99, ,-99.99, ,-99.99, ,-99.99, ,-99.99, ,-99.99, ,-99.99, ,-99.99, ,-99.99, ,-99.99, ,-99.99, ,-99.99, ,-99.99, ,-99.99, 
10/22/1994 04:38,1994,10,22,4,38,1.592, , , , , ,7.534, , , , , ,3.23, , , ,1.161, , , , , , , ,-99.99, ,-99.99, , , ,-99.99, , , ,-99.99, , , ,-99.99, ,-99.99, ,-99.99, ,-99.99, ,-99.99, ,-99.99, ,-99.99, ,-99.99, ,-99.99, ,-99.99, ,-99.99, ,-99.99, ,-99.99, ,-99.99, ,-99.99, ,-99.99, ,-99.99, ,-99.99, 
10/22/1994 10:40,1994,10,22,10,40,1.572, , , , , ,7.407, , , , , ,3.32, , , ,1.15, , , , , , , ,-99.99, ,-99.99, , , ,-99.99, , , ,-99.99, , , ,-99.99, ,-99.99, ,-99.99, ,-99.99, ,-99.99, ,-99.99, ,-99.99, ,-99.99, ,-99.99, ,-99.99, ,-99.99, ,-99.99, ,-99.99, ,-99.99, ,-99.99, ,-99.99, ,-99.99, ,-99.99, 
10/22/1994 16:42,1994,10,22,16,42,1.493, , , , , ,7.524, , , , , ,3.23, , , ,1.119, , , , , , , ,-99.99, ,-99.99, , , ,-99.99, , , ,-99.99, , , ,-99.99, ,-99.99, ,-99.99, ,-99.99, ,-99.99, ,-99.99, ,-99.99, ,-99.99, ,-99.99, ,-99.99, ,-99.99, ,-99.99, ,-99.99, ,-99.99, ,-99.99, ,-99.99, ,-99.99, ,-99.99, 
10/22/1994 22:45,1994,10,22,22,45,1.443, , , , , ,7.358, , , , , ,3.28, , , ,1.119, , , , , , , ,-99.99, ,-99.99, , , ,-99.99, , , ,-99.99, , , ,-99.99, ,-99.99, ,-99.99, ,-99.99, ,-99.99, ,-99.99, ,-99.99, ,-99.99, ,-99.99, ,-99.99, ,-99.99, ,-99.99, ,-99.99, ,-99.99, ,-99.99, ,-99.99, ,-99.99, ,-99.99, 
10/23/1994 04:47,1994,10,23,4,47,1.423, , , , , ,7.279, , , , , ,3.26, , , ,1.109, , , , , , , ,-99.99, ,-99.99, , , ,-99.99, , , ,-99.99, , , ,-99.99, ,-99.99, ,-99.99, ,-99.99, ,-99.99, ,-99.99, ,-99.99, ,-99.99, ,-99.99, ,-99.99, ,-99.99, ,-99.99, ,-99.99, ,-99.99, ,-99.99, ,-99.99, ,-99.99, ,-99.99, 
10/23/1994 10:49,1994,10,23,10,49,3.144, P, , , , ,10.526, P, , , , ,3.53, P, , ,2.095, P, , , , , , ,-99.99, ,-99.99, , , ,-99.99, , , ,-99.99, , , ,-99.99, ,-99.99, ,-99.99, ,-99.99, ,-99.99, ,-99.99, ,-99.99, ,-99.99, ,-99.99, ,-99.99, ,-99.99, ,-99.99, ,-99.99, ,-99.99, ,-99.99, ,-99.99, ,-99.99, ,-99.99, 
10/23/1994 16:51,1994,10,23,16,51,1.552, , , , , ,7.671, , , , , ,3.36, , , ,1.202, , , , , , , ,-99.99, ,-99.99, , , ,-99.99, , , ,-99.99, , , ,-99.99, ,-99.99, ,-99.99, ,-99.99, ,-99.99, ,-99.99, ,-99.99, ,-99.99, ,-99.99, ,-99.99, ,-99.99, ,-99.99, ,-99.99, ,-99.99, ,-99.99, ,-99.99, ,-99.99, ,-99.99, 
10/23/1994 22:54,1994,10,23,22,54,1.592, , , , , ,7.485, , , , , ,3.29, , , ,1.13, , , , , , , ,-99.99, ,-99.99, , , ,-99.99, , , ,-99.99, , , ,-99.99, ,-99.99, ,-99.99, ,-99.99, ,-99.99, ,-99.99, ,-99.99, ,-99.99, ,-99.99, ,-99.99, ,-99.99, ,-99.99, ,-99.99, ,-99.99, ,-99.99, ,-99.99, ,-99.99, ,-99.99, 
10/24/1994 04:56,1994,10,24,4,56,1.483, , , , , ,7.573, , , , , ,3.42, , , ,1.243, , , , , , , ,-99.99, ,-99.99, , , ,-99.99, , , ,-99.99, , , ,-99.99, ,-99.99, ,-99.99, ,-99.99, ,-99.99, ,-99.99, ,-99.99, ,-99.99, ,-99.99, ,-99.99, ,-99.99, ,-99.99, ,-99.99, ,-99.99, ,-99.99, ,-99.99, ,-99.99, ,-99.99, 
10/24/1994 10:58,1994,10,24,10,58,1.791, P, , , , ,8.064, P, , , , ,3.33, , , ,1.253, , , , , , , ,-99.99, ,-99.99, , , ,-99.99, , , ,-99.99, , , ,-99.99, ,-99.99, ,-99.99, ,-99.99, ,-99.99, ,-99.99, ,-99.99, ,-99.99, ,-99.99, ,-99.99, ,-99.99, ,-99.99, ,-99.99, ,-99.99, ,-99.99, ,-99.99, ,-99.99, ,-99.99, 
10/24/1994 17:00,1994,10,24,17,0,1.821, P, , , , ,8.329, P, , , , ,3.38, , , ,1.273, , , , , , , ,-99.99, ,-99.99, , , ,-99.99, , , ,-99.99, , , ,-99.99, ,-99.99, ,-99.99, ,-99.99, ,-99.99, ,-99.99, ,-99.99, ,-99.99, ,-99.99, ,-99.99, ,-99.99, ,-99.99, ,-99.99, ,-99.99, ,-99.99, ,-99.99, ,-99.99, ,-99.99, 
10/24/1994 23:03,1994,10,24,23,3,1.761, P, , , , ,7.789, , , , , ,3.45, , , ,1.284, , , , , , , ,-99.99, ,-99.99, , , ,-99.99, , , ,-99.99, , , ,-99.99, ,-99.99, ,-99.99, ,-99.99, ,-99.99, ,-99.99, ,-99.99, ,-99.99, ,-99.99, ,-99.99, ,-99.99, ,-99.99, ,-99.99, ,-99.99, ,-99.99, ,-99.99, ,-99.99, ,-99.99, 
10/25/1994 05:05,1994,10,25,5,5,1.89, P, , , , ,8.329, P, , , , ,3.53, P, , ,1.304, , , , , , , ,-99.99, ,-99.99, , , ,-99.99, , , ,-99.99, , , ,-99.99, ,-99.99, ,-99.99, ,-99.99, ,-99.99, ,-99.99, ,-99.99, ,-99.99, ,-99.99, ,-99.99, ,-99.99, ,-99.99, ,-99.99, ,-99.99, ,-99.99, ,-99.99, ,-99.99, ,-99.99, 
10/25/1994 11:07,1994,10,25,11,7,1.731, P, , , , ,7.907, P, , , , ,3.48, , , ,1.294, , , , , , , ,-99.99, ,-99.99, , , ,-99.99, , , ,-99.99, , , ,-99.99, ,-99.99, ,-99.99, ,-99.99, ,-99.99, ,-99.99, ,-99.99, ,-99.99, ,-99.99, ,-99.99, ,-99.99, ,-99.99, ,-99.99, ,-99.99, ,-99.99, ,-99.99, ,-99.99, ,-99.99, 
10/25/1994 17:10,1994,10,25,17,10,1.761, P, , , , ,7.897, P, , , , ,3.46, , , ,1.273, , , , , , , ,-99.99, ,-99.99, , , ,-99.99, , , ,-99.99, , , ,-99.99, ,-99.99, ,-99.99, ,-99.99, ,-99.99, ,-99.99, ,-99.99, ,-99.99, ,-99.99, ,-99.99, ,-99.99, ,-99.99, ,-99.99, ,-99.99, ,-99.99, ,-99.99, ,-99.99, ,-99.99, 
10/25/1994 23:12,1994,10,25,23,12,1.711, P, , , , ,7.809, , , , , ,3.51, , , ,1.212, , , , , , , ,-99.99, ,-99.99, , , ,-99.99, , , ,-99.99, , , ,-99.99, ,-99.99, ,-99.99, ,-99.99, ,-99.99, ,-99.99, ,-99.99, ,-99.99, ,-99.99, ,-99.99, ,-99.99, ,-99.99, ,-99.99, ,-99.99, ,-99.99, ,-99.99, ,-99.99, ,-99.99, 
10/26/1994 05:14,1994,10,26,5,14,1.711, P, , , , ,7.779, , , , , ,3.58, P, , ,1.232, , , , , , , ,-99.99, ,-99.99, , , ,-99.99, , , ,-99.99, , , ,-99.99, ,-99.99, ,-99.99, ,-99.99, ,-99.99, ,-99.99, ,-99.99, ,-99.99, ,-99.99, ,-99.99, ,-99.99, ,-99.99, ,-99.99, ,-99.99, ,-99.99, ,-99.99, ,-99.99, ,-99.99, 
10/26/1994 11:16,1994,10,26,11,16,1.473, , , , , ,7.279, , , , , ,3.44, , , ,1.13, , , , , , , ,-99.99, ,-99.99, , , ,-99.99, , , ,-99.99, , , ,-99.99, ,-99.99, ,-99.99, ,-99.99, ,-99.99, ,-99.99, ,-99.99, ,-99.99, ,-99.99, ,-99.99, ,-99.99, ,-99.99, ,-99.99, ,-99.99, ,-99.99, ,-99.99, ,-99.99, ,-99.99, 
10/26/1994 17:19,1994,10,26,17,19,1.453, , , , , ,7.22, , , , , ,3.63, P, , ,1.078, , , , , , , ,-99.99, ,-99.99, , , ,-99.99, , , ,-99.99, , , ,-99.99, ,-99.99, ,-99.99, ,-99.99, ,-99.99, ,-99.99, ,-99.99, ,-99.99, ,-99.99, ,-99.99, ,-99.99, ,-99.99, ,-99.99, ,-99.99, ,-99.99, ,-99.99, ,-99.99, ,-99.99, 
10/26/1994 23:21,1994,10,26,23,21,1.721, P, , , , ,7.681, , , , , ,3.68, P, , ,1.181, , , , , , , ,-99.99, ,-99.99, , , ,-99.99, , , ,-99.99, , , ,-99.99, ,-99.99, ,-99.99, ,-99.99, ,-99.99, ,-99.99, ,-99.99, ,-99.99, ,-99.99, ,-99.99, ,-99.99, ,-99.99, ,-99.99, ,-99.99, ,-99.99, ,-99.99, ,-99.99, ,-99.99, 
10/27/1994 05:23,1994,10,27,5,23,1.781, P, , , , ,8.211, P, , , , ,4.05, P, , ,1.263, , , , , , , ,-99.99, ,-99.99, , , ,-99.99, , , ,-99.99, , , ,-99.99, ,-99.99, ,-99.99, ,-99.99, ,-99.99, ,-99.99, ,-99.99, ,-99.99, ,-99.99, ,-99.99, ,-99.99, ,-99.99, ,-99.99, ,-99.99, ,-99.99, ,-99.99, ,-99.99, ,-99.99, 
10/27/1994 11:25,1994,10,27,11,25,1.781, P, , , , ,8.025, P, , , , ,3.75, P, , ,1.253, , , , , , , ,-99.99, ,-99.99, , , ,-99.99, , , ,-99.99, , , ,-99.99, ,-99.99, ,-99.99, ,-99.99, ,-99.99, ,-99.99, ,-99.99, ,-99.99, ,-99.99, ,-99.99, ,-99.99, ,-99.99, ,-99.99, ,-99.99, ,-99.99, ,-99.99, ,-99.99, ,-99.99, 
10/28/1994 21:06,1994,10,28,21,6,1.672, , , , , ,7.622, , , , , ,3.37, , , ,1.109, , , , , , , ,-99.99, ,-99.99, , , ,-99.99, , , ,-99.99, , , ,-99.99, ,-99.99, ,-99.99, ,-99.99, ,-99.99, ,-99.99, ,-99.99, ,-99.99, ,-99.99, ,-99.99, ,-99.99, ,-99.99, ,-99.99, ,-99.99, ,-99.99, ,-99.99, ,-99.99, ,-99.99, 
10/29/1994 03:08,1994,10,29,3,8,1.512, , , , , ,7.74, , , , , ,3.42, , , ,1.099, , , , , , , ,-99.99, ,-99.99, , , ,-99.99, , , ,-99.99, , , ,-99.99, ,-99.99, ,-99.99, ,-99.99, ,-99.99, ,-99.99, ,-99.99, ,-99.99, ,-99.99, ,-99.99, ,-99.99, ,-99.99, ,-99.99, ,-99.99, ,-99.99, ,-99.99, ,-99.99, ,-99.99, 
10/29/1994 09:11,1994,10,29,9,11,1.692, , , , , ,7.495, , , , , ,3.15, , , ,1.51, P, , , , , , ,-99.99, ,-99.99, , , ,-99.99, , , ,-99.99, , , ,-99.99, ,-99.99, ,-99.99, ,-99.99, ,-99.99, ,-99.99, ,-99.99, ,-99.99, ,-99.99, ,-99.99, ,-99.99, ,-99.99, ,-99.99, ,-99.99, ,-99.99, ,-99.99, ,-99.99, ,-99.99, 
10/29/1994 15:13,1994,10,29,15,13,1.751, P, , , , ,7.917, P, , , , ,3.25, , , ,1.602, P, , , , , , ,-99.99, ,-99.99, , , ,-99.99, , , ,-99.99, , , ,-99.99, ,-99.99, ,-99.99, ,-99.99, ,-99.99, ,-99.99, ,-99.99, ,-99.99, ,-99.99, ,-99.99, ,-99.99, ,-99.99, ,-99.99, ,-99.99, ,-99.99, ,-99.99, ,-99.99, ,-99.99, 
10/29/1994 21:15,1994,10,29,21,15,1.751, P, , , , ,7.789, , , , , ,3.39, , , ,1.643, P, , , , , , ,-99.99, ,-99.99, , , ,-99.99, , , ,-99.99, , , ,-99.99, ,-99.99, ,-99.99, ,-99.99, ,-99.99, ,-99.99, ,-99.99, ,-99.99, ,-99.99, ,-99.99, ,-99.99, ,-99.99, ,-99.99, ,-99.99, ,-99.99, ,-99.99, ,-99.99, ,-99.99, 
10/30/1994 03:18,1994,10,30,3,18,1.552, , , , , ,7.259, , , , , ,3.26, , , ,1.376, , , , , , , ,-99.99, ,-99.99, , , ,-99.99, , , ,-99.99, , , ,-99.99, ,-99.99, ,-99.99, ,-99.99, ,-99.99, ,-99.99, ,-99.99, ,-99.99, ,-99.99, ,-99.99, ,-99.99, ,-99.99, ,-99.99, ,-99.99, ,-99.99, ,-99.99, ,-99.99, ,-99.99, 
10/30/1994 09:20,1994,10,30,9,20,1.701, , , , , ,7.397, , , , , ,3.33, , , ,1.551, P, , , , , , ,-99.99, ,-99.99, , , ,-99.99, , , ,-99.99, , , ,-99.99, ,-99.99, ,-99.99, ,-99.99, ,-99.99, ,-99.99, ,-99.99, ,-99.99, ,-99.99, ,-99.99, ,-99.99, ,-99.99, ,-99.99, ,-99.99, ,-99.99, ,-99.99, ,-99.99, ,-99.99, 
10/30/1994 15:23,1994,10,30,15,23,1.542, , , , , ,7.465, , , , , ,3.26, , , ,1.315, , , , , , , ,-99.99, ,-99.99, , , ,-99.99, , , ,-99.99, , , ,-99.99, ,-99.99, ,-99.99, ,-99.99, ,-99.99, ,-99.99, ,-99.99, ,-99.99, ,-99.99, ,-99.99, ,-99.99, ,-99.99, ,-99.99, ,-99.99, ,-99.99, ,-99.99, ,-99.99, ,-99.99, 
10/30/1994 21:25,1994,10,30,21,25,1.801, P, , , , ,7.868, , , , , ,3.32, , , ,1.653, P, , , , , , ,-99.99, ,-99.99, , , ,-99.99, , , ,-99.99, , , ,-99.99, ,-99.99, ,-99.99, ,-99.99, ,-99.99, ,-99.99, ,-99.99, ,-99.99, ,-99.99, ,-99.99, ,-99.99, ,-99.99, ,-99.99, ,-99.99, ,-99.99, ,-99.99, ,-99.99, ,-99.99, 
10/31/1994 03:27,1994,10,31,3,27,1.682, , , , , ,8.103, , , , , ,3.32, , , ,1.715, P, , , , , , ,-99.99, ,-99.99, , , ,-99.99, , , ,-99.99, , , ,-99.99, ,-99.99, ,-99.99, ,-99.99, ,-99.99, ,-99.99, ,-99.99, ,-99.99, ,-99.99, ,-99.99, ,-99.99, ,-99.99, ,-99.99, ,-99.99, ,-99.99, ,-99.99, ,-99.99, ,-99.99, 
11/02/1994 15:23,1994,11,2,15,23,1.522, , , , , ,7.338, , , , , ,3.28, , , ,1.191, , , , , , , ,-99.99, ,-99.99, , , ,-99.99, , , ,-99.99, , , ,-99.99, ,-99.99, ,-99.99, ,-99.99, ,-99.99, ,-99.99, ,-99.99, ,-99.99, ,-99.99, ,-99.99, ,-99.99, ,-99.99, ,-99.99, ,-99.99, ,-99.99, ,-99.99, ,-99.99, ,-99.99, 
11/02/1994 21:30,1994,11,2,21,30,1.572, , , , , ,7.407, , , , , ,3.42, , , ,1.325, , , , , , , ,-99.99, ,-99.99, , , ,-99.99, , , ,-99.99, , , ,-99.99, ,-99.99, ,-99.99, ,-99.99, ,-99.99, ,-99.99, ,-99.99, ,-99.99, ,-99.99, ,-99.99, ,-99.99, ,-99.99, ,-99.99, ,-99.99, ,-99.99, ,-99.99, ,-99.99, ,-99.99, 
11/03/1994 03:34,1994,11,3,3,34,1.632, , , , , ,7.377, , , , , ,4.76, P, , ,1.407, , , , , , , ,-99.99, ,-99.99, , , ,-99.99, , , ,-99.99, , , ,-99.99, ,-99.99, ,-99.99, ,-99.99, ,-99.99, ,-99.99, ,-99.99, ,-99.99, ,-99.99, ,-99.99, ,-99.99, ,-99.99, ,-99.99, ,-99.99, ,-99.99, ,-99.99, ,-99.99, ,-99.99, 
11/03/1994 09:38,1994,11,3,9,38,1.542, , , , , ,7.289, , , , , ,3.54, P, , ,1.438, , , , , , , ,-99.99, ,-99.99, , , ,-99.99, , , ,-99.99, , , ,-99.99, ,-99.99, ,-99.99, ,-99.99, ,-99.99, ,-99.99, ,-99.99, ,-99.99, ,-99.99, ,-99.99, ,-99.99, ,-99.99, ,-99.99, ,-99.99, ,-99.99, ,-99.99, ,-99.99, ,-99.99, 
11/03/1994 15:42,1994,11,3,15,42,1.552, , , ,5.276, P,7.308, , , , , ,3.52, , , ,1.243, , , , , , , ,-99.99, ,-99.99, , , ,-99.99, , , ,-99.99, , , ,-99.99, ,-99.99, ,-99.99, ,-99.99, ,-99.99, ,-99.99, ,-99.99, ,-99.99, ,-99.99, ,-99.99, ,-99.99, ,-99.99, ,-99.99, ,-99.99, ,-99.99, ,-99.99, ,-99.99, ,-99.99, 
11/03/1994 21:46,1994,11,3,21,46,1.463, , , , , ,7.161, , , , , ,3.17, , , ,1.161, , , , , , , ,-99.99, ,-99.99, , , ,-99.99, , , ,-99.99, , , ,-99.99, ,-99.99, ,-99.99, ,-99.99, ,-99.99, ,-99.99, ,-99.99, ,-99.99, ,-99.99, ,-99.99, ,-99.99, ,-99.99, ,-99.99, ,-99.99, ,-99.99, ,-99.99, ,-99.99, ,-99.99, 
11/04/1994 03:50,1994,11,4,3,50,1.98, P, , , , ,8.437, P, , , , ,3.34, , , ,2.331, P, , , , , , ,-99.99, ,-99.99, , , ,-99.99, , , ,-99.99, , , ,-99.99, ,-99.99, ,-99.99, ,-99.99, ,-99.99, ,-99.99, ,-99.99, ,-99.99, ,-99.99, ,-99.99, ,-99.99, ,-99.99, ,-99.99, ,-99.99, ,-99.99, ,-99.99, ,-99.99, ,-99.99, 
11/04/1994 17:19,1994,11,4,17,19,1.751, P, , ,5.196, P,7.976, P, , , , ,3.32, , , ,1.571, P, , , , , , ,-99.99, ,-99.99, , , ,-99.99, , , ,-99.99, , , ,-99.99, ,-99.99, ,-99.99, ,-99.99, ,-99.99, ,-99.99, ,-99.99, ,-99.99, ,-99.99, ,-99.99, ,-99.99, ,-99.99, ,-99.99, ,-99.99, ,-99.99, ,-99.99, ,-99.99, ,-99.99, 
11/04/1994 23:23,1994,11,4,23,23,1.811, P, , ,5.196, P,7.917, P, , , , ,3.25, , , ,1.674, P, , , , , , ,-99.99, ,-99.99, , , ,-99.99, , , ,-99.99, , , ,-99.99, ,-99.99, ,-99.99, ,-99.99, ,-99.99, ,-99.99, ,-99.99, ,-99.99, ,-99.99, ,-99.99, ,-99.99, ,-99.99, ,-99.99, ,-99.99, ,-99.99, ,-99.99, ,-99.99, ,-99.99, 
11/05/1994 05:27,1994,11,5,5,27,1.672, , , ,5.145, P,8.074, P, , , , ,3.31, , , ,1.499, P, , , , , , ,-99.99, ,-99.99, , , ,-99.99, , , ,-99.99, , , ,-99.99, ,-99.99, ,-99.99, ,-99.99, ,-99.99, ,-99.99, ,-99.99, ,-99.99, ,-99.99, ,-99.99, ,-99.99, ,-99.99, ,-99.99, ,-99.99, ,-99.99, ,-99.99, ,-99.99, ,-99.99, 
11/07/1994 22:33,1994,11,7,22,33,2.129, P, , ,7.442, P,8.574, P, , , , ,3.36, , , ,2.054, P, , , , , , ,-99.99, ,-99.99, , , ,-99.99, , , ,-99.99, , , ,-99.99, ,-99.99, ,-99.99, ,-99.99, ,-99.99, ,-99.99, ,-99.99, ,-99.99, ,-99.99, ,-99.99, ,-99.99, ,-99.99, ,-99.99, ,-99.99, ,-99.99, ,-99.99, ,-99.99, ,-99.99, 
11/08/1994 04:38,1994,11,8,4,38,1.682, , , ,5.175, P,7.691, , , , , ,4.22, P, , ,1.407, , , , , , , ,-99.99, ,-99.99, , , ,-99.99, , , ,-99.99, , , ,-99.99, ,-99.99, ,-99.99, ,-99.99, ,-99.99, ,-99.99, ,-99.99, ,-99.99, ,-99.99, ,-99.99, ,-99.99, ,-99.99, ,-99.99, ,-99.99, ,-99.99, ,-99.99, ,-99.99, ,-99.99, 
11/08/1994 10:42,1994,11,8,10,42,1.582, , , ,4.824, P,7.711, , , , , ,4.25, P, , ,1.243, , , , , , , ,-99.99, ,-99.99, , , ,-99.99, , , ,-99.99, , , ,-99.99, ,-99.99, ,-99.99, ,-99.99, ,-99.99, ,-99.99, ,-99.99, ,-99.99, ,-99.99, ,-99.99, ,-99.99, ,-99.99, ,-99.99, ,-99.99, ,-99.99, ,-99.99, ,-99.99, ,-99.99, 
11/08/1994 16:46,1994,11,8,16,46,1.532, , , ,4.243, ,7.289, , , , , ,3.32, , , ,1.263, , , , , , , ,-99.99, ,-99.99, , , ,-99.99, , , ,-99.99, , , ,-99.99, ,-99.99, ,-99.99, ,-99.99, ,-99.99, ,-99.99, ,-99.99, ,-99.99, ,-99.99, ,-99.99, ,-99.99, ,-99.99, ,-99.99, ,-99.99, ,-99.99, ,-99.99, ,-99.99, ,-99.99, 
11/08/1994 22:50,1994,11,8,22,50,1.562, , , ,4.393, ,7.259, , , , , ,3.29, , , ,1.171, , , , , , , ,-99.99, ,-99.99, , , ,-99.99, , , ,-99.99, , , ,-99.99, ,-99.99, ,-99.99, ,-99.99, ,-99.99, ,-99.99, ,-99.99, ,-99.99, ,-99.99, ,-99.99, ,-99.99, ,-99.99, ,-99.99, ,-99.99, ,-99.99, ,-99.99, ,-99.99, ,-99.99, 
11/09/1994 04:54,1994,11,9,4,54,1.493, , , ,4.453, ,7.142, , , , , ,3.4, , , ,1.222, , , , , , , ,-99.99, ,-99.99, , , ,-99.99, , , ,-99.99, , , ,-99.99, ,-99.99, ,-99.99, ,-99.99, ,-99.99, ,-99.99, ,-99.99, ,-99.99, ,-99.99, ,-99.99, ,-99.99, ,-99.99, ,-99.99, ,-99.99, ,-99.99, ,-99.99, ,-99.99, ,-99.99, 
11/09/1994 10:59,1994,11,9,10,59,1.532, , , ,4.483, ,6.916, , , , , ,3.32, , , ,1.263, , , , , , , ,-99.99, ,-99.99, , , ,-99.99, , , ,-99.99, , , ,-99.99, ,-99.99, ,-99.99, ,-99.99, ,-99.99, ,-99.99, ,-99.99, ,-99.99, ,-99.99, ,-99.99, ,-99.99, ,-99.99, ,-99.99, ,-99.99, ,-99.99, ,-99.99, ,-99.99, ,-99.99, 
11/09/1994 17:03,1994,11,9,17,3,1.483, , , ,7.803, P,8.152, P, , , , ,3.46, , , ,1.222, , , , , , , ,-99.99, ,-99.99, , , ,-99.99, , , ,-99.99, , , ,-99.99, ,-99.99, ,-99.99, ,-99.99, ,-99.99, ,-99.99, ,-99.99, ,-99.99, ,-99.99, ,-99.99, ,-99.99, ,-99.99, ,-99.99, ,-99.99, ,-99.99, ,-99.99, ,-99.99, ,-99.99, 
11/09/1994 23:07,1994,11,9,23,7,1.483, , , ,8.566, P,10.948, P, , , , ,3.5, P, , ,1.161, , , , , , , ,-99.99, ,-99.99, , , ,-99.99, , , ,-99.99, , , ,-99.99, ,-99.99, ,-99.99, ,-99.99, ,-99.99, ,-99.99, ,-99.99, ,-99.99, ,-99.99, ,-99.99, ,-99.99, ,-99.99, ,-99.99, ,-99.99, ,-99.99, ,-99.99, ,-99.99, ,-99.99, 
11/10/1994 05:11,1994,11,10,5,11,1.672, , , ,7.382, P,10.968, P, , , , ,3.72, P, , ,1.263, , , , , , , ,-99.99, ,-99.99, , , ,-99.99, , , ,-99.99, , , ,-99.99, ,-99.99, ,-99.99, ,-99.99, ,-99.99, ,-99.99, ,-99.99, ,-99.99, ,-99.99, ,-99.99, ,-99.99, ,-99.99, ,-99.99, ,-99.99, ,-99.99, ,-99.99, ,-99.99, ,-99.99, 
11/10/1994 11:15,1994,11,10,11,15,1.771, P, , ,7.482, P,10.261, P, , , , ,3.7, P, , ,1.294, , , , , , , ,-99.99, ,-99.99, , , ,-99.99, , , ,-99.99, , , ,-99.99, ,-99.99, ,-99.99, ,-99.99, ,-99.99, ,-99.99, ,-99.99, ,-99.99, ,-99.99, ,-99.99, ,-99.99, ,-99.99, ,-99.99, ,-99.99, ,-99.99, ,-99.99, ,-99.99, ,-99.99, 
11/10/1994 17:20,1994,11,10,17,20,1.483, , , ,4.514, ,6.945, , , , , ,3.39, , , ,1.161, , , , , , , ,-99.99, ,-99.99, , , ,-99.99, , , ,-99.99, , , ,-99.99, ,-99.99, ,-99.99, ,-99.99, ,-99.99, ,-99.99, ,-99.99, ,-99.99, ,-99.99, ,-99.99, ,-99.99, ,-99.99, ,-99.99, ,-99.99, ,-99.99, ,-99.99, ,-99.99, ,-99.99, 
11/10/1994 23:24,1994,11,10,23,24,1.522, , , ,4.193, ,7.112, , , , , ,3.48, , , ,1.191, , , , , , , ,-99.99, ,-99.99, , , ,-99.99, , , ,-99.99, , , ,-99.99, ,-99.99, ,-99.99, ,-99.99, ,-99.99, ,-99.99, ,-99.99, ,-99.99, ,-99.99, ,-99.99, ,-99.99, ,-99.99, ,-99.99, ,-99.99, ,-99.99, ,-99.99, ,-99.99, ,-99.99, 
11/11/1994 05:28,1994,11,11,5,28,1.552, , , ,5.145, P,8.034, P, , , , ,3.47, , , ,1.222, , , , , , , ,-99.99, ,-99.99, , , ,-99.99, , , ,-99.99, , , ,-99.99, ,-99.99, ,-99.99, ,-99.99, ,-99.99, ,-99.99, ,-99.99, ,-99.99, ,-99.99, ,-99.99, ,-99.99, ,-99.99, ,-99.99, ,-99.99, ,-99.99, ,-99.99, ,-99.99, ,-99.99, 
11/11/1994 11:32,1994,11,11,11,32,1.572, , , ,5.938, P,9.261, P, , , , ,3.64, P, , ,1.171, , , , , , , ,-99.99, ,-99.99, , , ,-99.99, , , ,-99.99, , , ,-99.99, ,-99.99, ,-99.99, ,-99.99, ,-99.99, ,-99.99, ,-99.99, ,-99.99, ,-99.99, ,-99.99, ,-99.99, ,-99.99, ,-99.99, ,-99.99, ,-99.99, ,-99.99, ,-99.99, ,-99.99, 
11/11/1994 17:36,1994,11,11,17,36,1.493, , , ,4.895, P,7.289, , , , , ,3.52, , , ,1.171, , , , , , , ,-99.99, ,-99.99, , , ,-99.99, , , ,-99.99, , , ,-99.99, ,-99.99, ,-99.99, ,-99.99, ,-99.99, ,-99.99, ,-99.99, ,-99.99, ,-99.99, ,-99.99, ,-99.99, ,-99.99, ,-99.99, ,-99.99, ,-99.99, ,-99.99, ,-99.99, ,-99.99, 
11/11/1994 23:41,1994,11,11,23,41,1.582, , , ,4.614, ,7.289, , , , , ,3.53, , , ,1.202, , , , , , , ,-99.99, ,-99.99, , , ,-99.99, , , ,-99.99, , , ,-99.99, ,-99.99, ,-99.99, ,-99.99, ,-99.99, ,-99.99, ,-99.99, ,-99.99, ,-99.99, ,-99.99, ,-99.99, ,-99.99, ,-99.99, ,-99.99, ,-99.99, ,-99.99, ,-99.99, ,-99.99, 
11/12/1994 05:45,1994,11,12,5,45,1.532, , , ,4.303, ,7.151, , , , , ,3.55, , , ,1.202, , , , , , , ,-99.99, ,-99.99, , , ,-99.99, , , ,-99.99, , , ,-99.99, ,-99.99, ,-99.99, ,-99.99, ,-99.99, ,-99.99, ,-99.99, ,-99.99, ,-99.99, ,-99.99, ,-99.99, ,-99.99, ,-99.99, ,-99.99, ,-99.99, ,-99.99, ,-99.99, ,-99.99, 
11/12/1994 11:49,1994,11,12,11,49,1.493, , , ,4.193, ,7.112, , , , , ,3.46, , , ,1.202, , , , , , , ,-99.99, ,-99.99, , , ,-99.99, , , ,-99.99, , , ,-99.99, ,-99.99, ,-99.99, ,-99.99, ,-99.99, ,-99.99, ,-99.99, ,-99.99, ,-99.99, ,-99.99, ,-99.99, ,-99.99, ,-99.99, ,-99.99, ,-99.99, ,-99.99, ,-99.99, ,-99.99, 
11/12/1994 17:53,1994,11,12,17,53,1.612, , , ,4.684, ,7.495, , , , , ,3.5, , , ,1.376, , , , , , , ,-99.99, ,-99.99, , , ,-99.99, , , ,-99.99, , , ,-99.99, ,-99.99, ,-99.99, ,-99.99, ,-99.99, ,-99.99, ,-99.99, ,-99.99, ,-99.99, ,-99.99, ,-99.99, ,-99.99, ,-99.99, ,-99.99, ,-99.99, ,-99.99, ,-99.99, ,-99.99, 
11/12/1994 23:57,1994,11,12,23,57,1.692, , , ,4.584, ,7.77, , , , , ,3.66, P, , ,1.438, , , , , , , ,-99.99, ,-99.99, , , ,-99.99, , , ,-99.99, , , ,-99.99, ,-99.99, ,-99.99, ,-99.99, ,-99.99, ,-99.99, ,-99.99, ,-99.99, ,-99.99, ,-99.99, ,-99.99, ,-99.99, ,-99.99, ,-99.99, ,-99.99, ,-99.99, ,-99.99, ,-99.99, 
11/13/1994 06:01,1994,11,13,6,1,1.532, , , ,4.734, P,7.318, , , , , ,3.63, P, , ,1.386, , , , , , , ,-99.99, ,-99.99, , , ,-99.99, , , ,-99.99, , , ,-99.99, ,-99.99, ,-99.99, ,-99.99, ,-99.99, ,-99.99, ,-99.99, ,-99.99, ,-99.99, ,-99.99, ,-99.99, ,-99.99, ,-99.99, ,-99.99, ,-99.99, ,-99.99, ,-99.99, ,-99.99, 
11/13/1994 12:06,1994,11,13,12,6,1.741, , , ,4.744, P,7.701, , , , , ,3.39, , , ,1.643, P, , , , , , ,-99.99, ,-99.99, , , ,-99.99, , , ,-99.99, , , ,-99.99, ,-99.99, ,-99.99, ,-99.99, ,-99.99, ,-99.99, ,-99.99, ,-99.99, ,-99.99, ,-99.99, ,-99.99, ,-99.99, ,-99.99, ,-99.99, ,-99.99, ,-99.99, ,-99.99, ,-99.99, 
11/13/1994 18:10,1994,11,13,18,10, , , , , , , , , , , , , , , , , , , , , , , , ,-99.99, ,-99.99, , , ,-99.99, , , ,-99.99, , , ,-99.99, ,-99.99, ,-99.99, ,-99.99, ,-99.99, ,-99.99, ,-99.99, ,-99.99, ,-99.99, ,-99.99, ,-99.99, ,-99.99, ,-99.99, ,-99.99, ,-99.99, ,-99.99, ,-99.99, ,-99.99, 
11/24/1994 17:55,1994,11,24,17,55,1.692, , , ,8.405, P,9.565, P, , , , ,4.65, P, , ,1.109, , , , , , , ,-99.99, ,-99.99, , , ,-99.99, , , ,-99.99, , , ,-99.99, ,-99.99, ,-99.99, ,-99.99, ,-99.99, ,-99.99, ,-99.99, ,-99.99, ,-99.99, ,-99.99, ,-99.99, ,-99.99, ,-99.99, ,-99.99, ,-99.99, ,-99.99, ,-99.99, ,-99.99, 
11/24/1994 23:59,1994,11,24,23,59,1.761, , , ,5.466, P,7.828, P, , , , ,4.26, P, , ,1.037, , , , , , , ,-99.99, ,-99.99, , , ,-99.99, , , ,-99.99, , , ,-99.99, ,-99.99, ,-99.99, ,-99.99, ,-99.99, ,-99.99, ,-99.99, ,-99.99, ,-99.99, ,-99.99, ,-99.99, ,-99.99, ,-99.99, ,-99.99, ,-99.99, ,-99.99, ,-99.99, ,-99.99, 
11/25/1994 06:04,1994,11,25,6,4,1.642, , , ,4.363, ,6.877, , , , , ,3.56, P, , ,1.027, , , , , , , ,-99.99, ,-99.99, , , ,-99.99, , , ,-99.99, , , ,-99.99, ,-99.99, ,-99.99, ,-99.99, ,-99.99, ,-99.99, ,-99.99, ,-99.99, ,-99.99, ,-99.99, ,-99.99, ,-99.99, ,-99.99, ,-99.99, ,-99.99, ,-99.99, ,-99.99, ,-99.99, 
11/25/1994 12:08,1994,11,25,12,8,1.95, P, , ,6.058, P,7.269, , , , , ,3.75, P, , ,1.027, , , , , , , ,-99.99, ,-99.99, , , ,-99.99, , , ,-99.99, , , ,-99.99, ,-99.99, ,-99.99, ,-99.99, ,-99.99, ,-99.99, ,-99.99, ,-99.99, ,-99.99, ,-99.99, ,-99.99, ,-99.99, ,-99.99, ,-99.99, ,-99.99, ,-99.99, ,-99.99, ,-99.99, 
11/25/1994 18:12,1994,11,25,18,12,1.761, , , ,5.105, P,7.22, , , , , ,3.57, P, , ,0.996, , , , , , , ,-99.99, ,-99.99, , , ,-99.99, , , ,-99.99, , , ,-99.99, ,-99.99, ,-99.99, ,-99.99, ,-99.99, ,-99.99, ,-99.99, ,-99.99, ,-99.99, ,-99.99, ,-99.99, ,-99.99, ,-99.99, ,-99.99, ,-99.99, ,-99.99, ,-99.99, ,-99.99, 
11/26/1994 00:16,1994,11,26,0,16,1.811, P, , ,5.386, P,7.495, , , , , ,4.03, P, , ,1.037, , , , , , , ,-99.99, ,-99.99, , , ,-99.99, , , ,-99.99, , , ,-99.99, ,-99.99, ,-99.99, ,-99.99, ,-99.99, ,-99.99, ,-99.99, ,-99.99, ,-99.99, ,-99.99, ,-99.99, ,-99.99, ,-99.99, ,-99.99, ,-99.99, ,-99.99, ,-99.99, ,-99.99, 
11/26/1994 06:20,1994,11,26,6,20,1.572, , , ,5.115, P,7.142, , , , , ,4.12, P, , ,1.006, , , , , , , ,-99.99, ,-99.99, , , ,-99.99, , , ,-99.99, , , ,-99.99, ,-99.99, ,-99.99, ,-99.99, ,-99.99, ,-99.99, ,-99.99, ,-99.99, ,-99.99, ,-99.99, ,-99.99, ,-99.99, ,-99.99, ,-99.99, ,-99.99, ,-99.99, ,-99.99, ,-99.99, 
11/26/1994 12:24,1994,11,26,12,24,1.423, , , ,5.045, P,6.945, , , , , ,3.78, P, , ,0.996, , , , , , , ,-99.99, ,-99.99, , , ,-99.99, , , ,-99.99, , , ,-99.99, ,-99.99, ,-99.99, ,-99.99, ,-99.99, ,-99.99, ,-99.99, ,-99.99, ,-99.99, ,-99.99, ,-99.99, ,-99.99, ,-99.99, ,-99.99, ,-99.99, ,-99.99, ,-99.99, ,-99.99, 
11/26/1994 18:28,1994,11,26,18,28,1.443, , , ,4.734, P,7.004, , , , , ,3.98, P, , ,0.965, , , , , , , ,-99.99, ,-99.99, , , ,-99.99, , , ,-99.99, , , ,-99.99, ,-99.99, ,-99.99, ,-99.99, ,-99.99, ,-99.99, ,-99.99, ,-99.99, ,-99.99, ,-99.99, ,-99.99, ,-99.99, ,-99.99, ,-99.99, ,-99.99, ,-99.99, ,-99.99, ,-99.99, 
11/27/1994 00:32,1994,11,27,0,32,1.542, , , ,5.095, P,8.152, P, , , , ,3.83, P, , ,1.017, , , , , , , ,-99.99, ,-99.99, , , ,-99.99, , , ,-99.99, , , ,-99.99, ,-99.99, ,-99.99, ,-99.99, ,-99.99, ,-99.99, ,-99.99, ,-99.99, ,-99.99, ,-99.99, ,-99.99, ,-99.99, ,-99.99, ,-99.99, ,-99.99, ,-99.99, ,-99.99, ,-99.99, 
11/27/1994 06:36,1994,11,27,6,36,1.602, , , ,4.413, ,7.299, , , , , ,4.02, P, , ,1.366, , , , , , , ,-99.99, ,-99.99, , , ,-99.99, , , ,-99.99, , , ,-99.99, ,-99.99, ,-99.99, ,-99.99, ,-99.99, ,-99.99, ,-99.99, ,-99.99, ,-99.99, ,-99.99, ,-99.99, ,-99.99, ,-99.99, ,-99.99, ,-99.99, ,-99.99, ,-99.99, ,-99.99, 
11/27/1994 12:40,1994,11,27,12,40,1.542, , , ,4.223, ,6.965, , , , , ,3.52, , , ,1.181, , , , , , , ,-99.99, ,-99.99, , , ,-99.99, , , ,-99.99, , , ,-99.99, ,-99.99, ,-99.99, ,-99.99, ,-99.99, ,-99.99, ,-99.99, ,-99.99, ,-99.99, ,-99.99, ,-99.99, ,-99.99, ,-99.99, ,-99.99, ,-99.99, ,-99.99, ,-99.99, ,-99.99, 
11/27/1994 18:44,1994,11,27,18,44,1.483, , , ,4.142, ,6.926, , , , , ,4.02, P, , ,1.099, , , , , , , ,-99.99, ,-99.99, , , ,-99.99, , , ,-99.99, , , ,-99.99, ,-99.99, ,-99.99, ,-99.99, ,-99.99, ,-99.99, ,-99.99, ,-99.99, ,-99.99, ,-99.99, ,-99.99, ,-99.99, ,-99.99, ,-99.99, ,-99.99, ,-99.99, ,-99.99, ,-99.99, 
11/28/1994 00:48,1994,11,28,0,48,1.572, , , ,4.824, P,7.662, , , , , ,3.85, P, , ,1.304, , , , , , , ,-99.99, ,-99.99, , , ,-99.99, , , ,-99.99, , , ,-99.99, ,-99.99, ,-99.99, ,-99.99, ,-99.99, ,-99.99, ,-99.99, ,-99.99, ,-99.99, ,-99.99, ,-99.99, ,-99.99, ,-99.99, ,-99.99, ,-99.99, ,-99.99, ,-99.99, ,-99.99, 
11/28/1994 06:52,1994,11,28,6,52,1.562, , , ,4.273, ,6.906, , , , , ,3.33, , , ,1.222, , , , , , , ,-99.99, ,-99.99, , , ,-99.99, , , ,-99.99, , , ,-99.99, ,-99.99, ,-99.99, ,-99.99, ,-99.99, ,-99.99, ,-99.99, ,-99.99, ,-99.99, ,-99.99, ,-99.99, ,-99.99, ,-99.99, ,-99.99, ,-99.99, ,-99.99, ,-99.99, ,-99.99, 
11/28/1994 12:56,1994,11,28,12,56,1.562, , , ,4.303, ,7.034, , , , , ,3.58, P, , ,1.171, , , , , , , ,-99.99, ,-99.99, , , ,-99.99, , , ,-99.99, , , ,-99.99, ,-99.99, ,-99.99, ,-99.99, ,-99.99, ,-99.99, ,-99.99, ,-99.99, ,-99.99, ,-99.99, ,-99.99, ,-99.99, ,-99.99, ,-99.99, ,-99.99, ,-99.99, ,-99.99, ,-99.99, 
11/28/1994 19:01,1994,11,28,19,1,1.542, , , ,3.962, ,6.955, , , , , ,3.61, P, , ,1.263, , , , , , , ,-99.99, ,-99.99, , , ,-99.99, , , ,-99.99, , , ,-99.99, ,-99.99, ,-99.99, ,-99.99, ,-99.99, ,-99.99, ,-99.99, ,-99.99, ,-99.99, ,-99.99, ,-99.99, ,-99.99, ,-99.99, ,-99.99, ,-99.99, ,-99.99, ,-99.99, ,-99.99, 
11/29/1994 01:05,1994,11,29,1,5,1.592, , , ,4.162, ,7.426, , , , , ,3.79, P, , ,1.304, , , , , , , ,-99.99, ,-99.99, , , ,-99.99, , , ,-99.99, , , ,-99.99, ,-99.99, ,-99.99, ,-99.99, ,-99.99, ,-99.99, ,-99.99, ,-99.99, ,-99.99, ,-99.99, ,-99.99, ,-99.99, ,-99.99, ,-99.99, ,-99.99, ,-99.99, ,-99.99, ,-99.99, 
11/29/1994 07:09,1994,11,29,7,9,1.632, , , ,5.015, P,7.583, , , , , ,3.8, P, , ,1.253, , , , , , , ,-99.99, ,-99.99, , , ,-99.99, , , ,-99.99, , , ,-99.99, ,-99.99, ,-99.99, ,-99.99, ,-99.99, ,-99.99, ,-99.99, ,-99.99, ,-99.99, ,-99.99, ,-99.99, ,-99.99, ,-99.99, ,-99.99, ,-99.99, ,-99.99, ,-99.99, ,-99.99, 
11/29/1994 19:27,1994,11,29,19,27,3.194, P, , ,8.124, P,11.605, P, , , , ,4.09, P, , ,1.243, , , , , , , ,-99.99, ,-99.99, , , ,-99.99, , , ,-99.99, , , ,-99.99, ,-99.99, ,-99.99, ,-99.99, ,-99.99, ,-99.99, ,-99.99, ,-99.99, ,-99.99, ,-99.99, ,-99.99, ,-99.99, ,-99.99, ,-99.99, ,-99.99, ,-99.99, ,-99.99, ,-99.99, 
11/30/1994 01:31,1994,11,30,1,31,2.657, P, , ,6.68, P,15.421, P, , , , ,3.69, P, , ,1.479, P, , , , , , ,-99.99, ,-99.99, , , ,-99.99, , , ,-99.99, , , ,-99.99, ,-99.99, ,-99.99, ,-99.99, ,-99.99, ,-99.99, ,-99.99, ,-99.99, ,-99.99, ,-99.99, ,-99.99, ,-99.99, ,-99.99, ,-99.99, ,-99.99, ,-99.99, ,-99.99, ,-99.99, 
11/30/1994 07:36,1994,11,30,7,36,2.398, P, , ,7.683, P,13.391, P, , , , ,3.71, P, , ,1.212, , , , , , , ,-99.99, ,-99.99, , , ,-99.99, , , ,-99.99, , , ,-99.99, ,-99.99, ,-99.99, ,-99.99, ,-99.99, ,-99.99, ,-99.99, ,-99.99, ,-99.99, ,-99.99, ,-99.99, ,-99.99, ,-99.99, ,-99.99, ,-99.99, ,-99.99, ,-99.99, ,-99.99, 
11/30/1994 13:40,1994,11,30,13,40,2.289, P, , ,7.793, P,10.811, P, , , , ,3.74, P, , ,1.119, , , , , , , ,-99.99, ,-99.99, , , ,-99.99, , , ,-99.99, , , ,-99.99, ,-99.99, ,-99.99, ,-99.99, ,-99.99, ,-99.99, ,-99.99, ,-99.99, ,-99.99, ,-99.99, ,-99.99, ,-99.99, ,-99.99, ,-99.99, ,-99.99, ,-99.99, ,-99.99, ,-99.99, 
11/30/1994 19:44,1994,11,30,19,44,2.07, P, , ,7.512, P,9.545, P, , , , ,3.62, P, , ,1.017, , , , , , , ,-99.99, ,-99.99, , , ,-99.99, , , ,-99.99, , , ,-99.99, ,-99.99, ,-99.99, ,-99.99, ,-99.99, ,-99.99, ,-99.99, ,-99.99, ,-99.99, ,-99.99, ,-99.99, ,-99.99, ,-99.99, ,-99.99, ,-99.99, ,-99.99, ,-99.99, ,-99.99, 
12/01/1994 01:48,1994,12,1,1,48,2.289, P, , ,8.074, P,10.752, P, , , , ,3.65, P, , ,1.109, , , , , , , ,-99.99, ,-99.99, , , ,-99.99, , , ,-99.99, , , ,-99.99, ,-99.99, ,-99.99, ,-99.99, ,-99.99, ,-99.99, ,-99.99, ,-99.99, ,-99.99, ,-99.99, ,-99.99, ,-99.99, ,-99.99, ,-99.99, ,-99.99, ,-99.99, ,-99.99, ,-99.99, 
12/01/1994 07:52,1994,12,1,7,52,2.458, P, , ,7.924, P,10.86, P, , , , ,3.69, P, , ,1.14, , , , , , , ,-99.99, ,-99.99, , , ,-99.99, , , ,-99.99, , , ,-99.99, ,-99.99, ,-99.99, ,-99.99, ,-99.99, ,-99.99, ,-99.99, ,-99.99, ,-99.99, ,-99.99, ,-99.99, ,-99.99, ,-99.99, ,-99.99, ,-99.99, ,-99.99, ,-99.99, ,-99.99, 
12/01/1994 17:56,1994,12,1,17,56,1.92, P, , ,6.118, P,8.574, P, , , , ,4.06, P, , ,1.006, , , , , , , ,-99.99, ,-99.99, , , ,-99.99, , , ,-99.99, , , ,-99.99, ,-99.99, ,-99.99, ,-99.99, ,-99.99, ,-99.99, ,-99.99, ,-99.99, ,-99.99, ,-99.99, ,-99.99, ,-99.99, ,-99.99, ,-99.99, ,-99.99, ,-99.99, ,-99.99, ,-99.99, 
12/02/1994 00:00,1994,12,2,0,0,1.821, P, , ,6.469, P,8.711, P, , , , ,3.48, , , ,0.976, , , , , , , ,-99.99, ,-99.99, , , ,-99.99, , , ,-99.99, , , ,-99.99, ,-99.99, ,-99.99, ,-99.99, ,-99.99, ,-99.99, ,-99.99, ,-99.99, ,-99.99, ,-99.99, ,-99.99, ,-99.99, ,-99.99, ,-99.99, ,-99.99, ,-99.99, ,-99.99, ,-99.99, 
12/02/1994 06:05,1994,12,2,6,5,2.01, P, , ,7.242, P,9.457, P, , , , ,3.61, P, , ,1.068, , , , , , , ,-99.99, ,-99.99, , , ,-99.99, , , ,-99.99, , , ,-99.99, ,-99.99, ,-99.99, ,-99.99, ,-99.99, ,-99.99, ,-99.99, ,-99.99, ,-99.99, ,-99.99, ,-99.99, ,-99.99, ,-99.99, ,-99.99, ,-99.99, ,-99.99, ,-99.99, ,-99.99, 
12/02/1994 16:12,1994,12,2,16,12,1.89, P, , ,6.85, P,9.496, P, , , , ,3.48, , , ,1.099, , , , , , , ,-99.99, ,-99.99, , , ,-99.99, , , ,-99.99, , , ,-99.99, ,-99.99, ,-99.99, ,-99.99, ,-99.99, ,-99.99, ,-99.99, ,-99.99, ,-99.99, ,-99.99, ,-99.99, ,-99.99, ,-99.99, ,-99.99, ,-99.99, ,-99.99, ,-99.99, ,-99.99, 
12/02/1994 22:16,1994,12,2,22,16,1.871, P, , ,5.747, P,7.956, P, , , , ,3.55, , , ,1.078, , , , , , , ,-99.99, ,-99.99, , , ,-99.99, , , ,-99.99, , , ,-99.99, ,-99.99, ,-99.99, ,-99.99, ,-99.99, ,-99.99, ,-99.99, ,-99.99, ,-99.99, ,-99.99, ,-99.99, ,-99.99, ,-99.99, ,-99.99, ,-99.99, ,-99.99, ,-99.99, ,-99.99, 
12/03/1994 04:20,1994,12,3,4,20,1.622, , , ,4.082, ,7.279, , , , , ,3.56, , , ,1.253, , , , , , , ,-99.99, ,-99.99, , , ,-99.99, , , ,-99.99, , , ,-99.99, ,-99.99, ,-99.99, ,-99.99, ,-99.99, ,-99.99, ,-99.99, ,-99.99, ,-99.99, ,-99.99, ,-99.99, ,-99.99, ,-99.99, ,-99.99, ,-99.99, ,-99.99, ,-99.99, ,-99.99, 
12/03/1994 10:25,1994,12,3,10,25,1.542, , , ,4.203, ,7.426, , , , , ,3.43, , , ,1.263, , , , , , , ,-99.99, ,-99.99, , , ,-99.99, , , ,-99.99, , , ,-99.99, ,-99.99, ,-99.99, ,-99.99, ,-99.99, ,-99.99, ,-99.99, ,-99.99, ,-99.99, ,-99.99, ,-99.99, ,-99.99, ,-99.99, ,-99.99, ,-99.99, ,-99.99, ,-99.99, ,-99.99, 
12/03/1994 16:29,1994,12,3,16,29,1.612, , , ,4.263, ,7.446, , , , , ,3.38, , , ,1.294, , , , , , , ,-99.99, ,-99.99, , , ,-99.99, , , ,-99.99, , , ,-99.99, ,-99.99, ,-99.99, ,-99.99, ,-99.99, ,-99.99, ,-99.99, ,-99.99, ,-99.99, ,-99.99, ,-99.99, ,-99.99, ,-99.99, ,-99.99, ,-99.99, ,-99.99, ,-99.99, ,-99.99, 
12/03/1994 22:33,1994,12,3,22,33,1.721, , , ,4.413, ,7.828, , , , , ,3.49, , , ,1.438, , , , , , , ,-99.99, ,-99.99, , , ,-99.99, , , ,-99.99, , , ,-99.99, ,-99.99, ,-99.99, ,-99.99, ,-99.99, ,-99.99, ,-99.99, ,-99.99, ,-99.99, ,-99.99, ,-99.99, ,-99.99, ,-99.99, ,-99.99, ,-99.99, ,-99.99, ,-99.99, ,-99.99, 
12/04/1994 04:37,1994,12,4,4,37,1.731, , , ,4.473, ,7.907, , , , , ,3.48, , , ,1.458, , , , , , , ,-99.99, ,-99.99, , , ,-99.99, , , ,-99.99, , , ,-99.99, ,-99.99, ,-99.99, ,-99.99, ,-99.99, ,-99.99, ,-99.99, ,-99.99, ,-99.99, ,-99.99, ,-99.99, ,-99.99, ,-99.99, ,-99.99, ,-99.99, ,-99.99, ,-99.99, ,-99.99, 
12/04/1994 10:42,1994,12,4,10,42,1.642, , , ,4.293, ,7.358, , , , , ,3.44, , , ,1.263, , , , , , , ,-99.99, ,-99.99, , , ,-99.99, , , ,-99.99, , , ,-99.99, ,-99.99, ,-99.99, ,-99.99, ,-99.99, ,-99.99, ,-99.99, ,-99.99, ,-99.99, ,-99.99, ,-99.99, ,-99.99, ,-99.99, ,-99.99, ,-99.99, ,-99.99, ,-99.99, ,-99.99, 
12/04/1994 16:46,1994,12,4,16,46,1.632, , , ,4.223, ,7.289, , , , , ,3.39, , , ,1.243, , , , , , , ,-99.99, ,-99.99, , , ,-99.99, , , ,-99.99, , , ,-99.99, ,-99.99, ,-99.99, ,-99.99, ,-99.99, ,-99.99, ,-99.99, ,-99.99, ,-99.99, ,-99.99, ,-99.99, ,-99.99, ,-99.99, ,-99.99, ,-99.99, ,-99.99, ,-99.99, ,-99.99, 
12/04/1994 22:50,1994,12,4,22,50,1.592, , , ,4.132, ,7.259, , , , , ,3.56, , , ,1.191, , , , , , , ,-99.99, ,-99.99, , , ,-99.99, , , ,-99.99, , , ,-99.99, ,-99.99, ,-99.99, ,-99.99, ,-99.99, ,-99.99, ,-99.99, ,-99.99, ,-99.99, ,-99.99, ,-99.99, ,-99.99, ,-99.99, ,-99.99, ,-99.99, ,-99.99, ,-99.99, ,-99.99, 
12/05/1994 04:54,1994,12,5,4,54,1.642, , , ,4.162, ,7.407, , , , , ,3.54, , , ,1.263, , , , , , , ,-99.99, ,-99.99, , , ,-99.99, , , ,-99.99, , , ,-99.99, ,-99.99, ,-99.99, ,-99.99, ,-99.99, ,-99.99, ,-99.99, ,-99.99, ,-99.99, ,-99.99, ,-99.99, ,-99.99, ,-99.99, ,-99.99, ,-99.99, ,-99.99, ,-99.99, ,-99.99, 
12/05/1994 10:58,1994,12,5,10,58,1.642, , , ,4.353, ,7.348, , , , , ,3.5, , , ,1.335, , , , , , , ,-99.99, ,-99.99, , , ,-99.99, , , ,-99.99, , , ,-99.99, ,-99.99, ,-99.99, ,-99.99, ,-99.99, ,-99.99, ,-99.99, ,-99.99, ,-99.99, ,-99.99, ,-99.99, ,-99.99, ,-99.99, ,-99.99, ,-99.99, ,-99.99, ,-99.99, ,-99.99, 
12/05/1994 17:02,1994,12,5,17,2,1.612, , , ,4.102, ,7.22, , , , , ,3.44, , , ,1.202, , , , , , , ,-99.99, ,-99.99, , , ,-99.99, , , ,-99.99, , , ,-99.99, ,-99.99, ,-99.99, ,-99.99, ,-99.99, ,-99.99, ,-99.99, ,-99.99, ,-99.99, ,-99.99, ,-99.99, ,-99.99, ,-99.99, ,-99.99, ,-99.99, ,-99.99, ,-99.99, ,-99.99, 
12/05/1994 23:07,1994,12,5,23,7,1.612, , , ,4.042, ,7.181, , , , , ,3.49, , , ,1.13, , , , , , , ,-99.99, ,-99.99, , , ,-99.99, , , ,-99.99, , , ,-99.99, ,-99.99, ,-99.99, ,-99.99, ,-99.99, ,-99.99, ,-99.99, ,-99.99, ,-99.99, ,-99.99, ,-99.99, ,-99.99, ,-99.99, ,-99.99, ,-99.99, ,-99.99, ,-99.99, ,-99.99, 
12/06/1994 05:11,1994,12,6,5,11,1.592, , , ,4.092, ,7.151, , , , , ,3.47, , , ,1.263, , , , , , , ,-99.99, ,-99.99, , , ,-99.99, , , ,-99.99, , , ,-99.99, ,-99.99, ,-99.99, ,-99.99, ,-99.99, ,-99.99, ,-99.99, ,-99.99, ,-99.99, ,-99.99, ,-99.99, ,-99.99, ,-99.99, ,-99.99, ,-99.99, ,-99.99, ,-99.99, ,-99.99, 
12/06/1994 11:15,1994,12,6,11,15,1.632, , , ,3.982, ,7.25, , , , , ,3.47, , , ,1.181, , , , , , , ,-99.99, ,-99.99, , , ,-99.99, , , ,-99.99, , , ,-99.99, ,-99.99, ,-99.99, ,-99.99, ,-99.99, ,-99.99, ,-99.99, ,-99.99, ,-99.99, ,-99.99, ,-99.99, ,-99.99, ,-99.99, ,-99.99, ,-99.99, ,-99.99, ,-99.99, ,-99.99, 
12/06/1994 17:19,1994,12,6,17,19,1.592, , , ,4.052, ,7.181, , , , , ,3.43, , , ,1.171, , , , , , , ,-99.99, ,-99.99, , , ,-99.99, , , ,-99.99, , , ,-99.99, ,-99.99, ,-99.99, ,-99.99, ,-99.99, ,-99.99, ,-99.99, ,-99.99, ,-99.99, ,-99.99, ,-99.99, ,-99.99, ,-99.99, ,-99.99, ,-99.99, ,-99.99, ,-99.99, ,-99.99, 
12/06/1994 23:23,1994,12,6,23,23,1.741, , , ,4.463, ,7.583, , , , , ,3.42, , , ,1.469, , , , , , , ,-99.99, ,-99.99, , , ,-99.99, , , ,-99.99, , , ,-99.99, ,-99.99, ,-99.99, ,-99.99, ,-99.99, ,-99.99, ,-99.99, ,-99.99, ,-99.99, ,-99.99, ,-99.99, ,-99.99, ,-99.99, ,-99.99, ,-99.99, ,-99.99, ,-99.99, ,-99.99, 
12/08/1994 15:41,1994,12,8,15,41,1.612, , , ,4.022, ,7.269, , , , , ,3.57, , , ,1.191, , , , , , , ,-99.99, ,-99.99, , , ,-99.99, , , ,-99.99, , , ,-99.99, ,-99.99, ,-99.99, ,-99.99, ,-99.99, ,-99.99, ,-99.99, ,-99.99, ,-99.99, ,-99.99, ,-99.99, ,-99.99, ,-99.99, ,-99.99, ,-99.99, ,-99.99, ,-99.99, ,-99.99, 
12/08/1994 21:45,1994,12,8,21,45,1.592, , , ,4.062, ,7.181, , , , , ,3.43, , , ,1.191, , , , , , , ,-99.99, ,-99.99, , , ,-99.99, , , ,-99.99, , , ,-99.99, ,-99.99, ,-99.99, ,-99.99, ,-99.99, ,-99.99, ,-99.99, ,-99.99, ,-99.99, ,-99.99, ,-99.99, ,-99.99, ,-99.99, ,-99.99, ,-99.99, ,-99.99, ,-99.99, ,-99.99, 
12/09/1994 03:49,1994,12,9,3,49,1.592, , , ,4.052, ,7.358, , , , , ,3.52, , , ,1.14, , , , , , , ,-99.99, ,-99.99, , , ,-99.99, , , ,-99.99, , , ,-99.99, ,-99.99, ,-99.99, ,-99.99, ,-99.99, ,-99.99, ,-99.99, ,-99.99, ,-99.99, ,-99.99, ,-99.99, ,-99.99, ,-99.99, ,-99.99, ,-99.99, ,-99.99, ,-99.99, ,-99.99, 
12/09/1994 09:54,1994,12,9,9,54,1.542, , , ,3.992, ,7.053, , , , , ,3.54, , , ,1.14, , , , , , , ,-99.99, ,-99.99, , , ,-99.99, , , ,-99.99, , , ,-99.99, ,-99.99, ,-99.99, ,-99.99, ,-99.99, ,-99.99, ,-99.99, ,-99.99, ,-99.99, ,-99.99, ,-99.99, ,-99.99, ,-99.99, ,-99.99, ,-99.99, ,-99.99, ,-99.99, ,-99.99, 
12/09/1994 15:58,1994,12,9,15,58,1.542, , , ,3.952, ,7.073, , , , , ,3.49, , , ,1.14, , , , , , , ,-99.99, ,-99.99, , , ,-99.99, , , ,-99.99, , , ,-99.99, ,-99.99, ,-99.99, ,-99.99, ,-99.99, ,-99.99, ,-99.99, ,-99.99, ,-99.99, ,-99.99, ,-99.99, ,-99.99, ,-99.99, ,-99.99, ,-99.99, ,-99.99, ,-99.99, ,-99.99, 
12/09/1994 22:02,1994,12,9,22,2,1.552, , , ,3.982, ,7.053, , , , , ,3.58, , , ,1.109, , , , , , , ,-99.99, ,-99.99, , , ,-99.99, , , ,-99.99, , , ,-99.99, ,-99.99, ,-99.99, ,-99.99, ,-99.99, ,-99.99, ,-99.99, ,-99.99, ,-99.99, ,-99.99, ,-99.99, ,-99.99, ,-99.99, ,-99.99, ,-99.99, ,-99.99, ,-99.99, ,-99.99, 
12/10/1994 04:06,1994,12,10,4,6,1.781, , , ,4.664, P,7.24, , , , , ,3.47, , , ,1.633, P, , , , , , ,-99.99, ,-99.99, , , ,-99.99, , , ,-99.99, , , ,-99.99, ,-99.99, ,-99.99, ,-99.99, ,-99.99, ,-99.99, ,-99.99, ,-99.99, ,-99.99, ,-99.99, ,-99.99, ,-99.99, ,-99.99, ,-99.99, ,-99.99, ,-99.99, ,-99.99, ,-99.99, 
12/10/1994 10:10,1994,12,10,10,10,1.343, , , ,3.651, ,6.641, , , , , ,3.44, , , ,1.006, , , , , , , ,-99.99, ,-99.99, , , ,-99.99, , , ,-99.99, , , ,-99.99, ,-99.99, ,-99.99, ,-99.99, ,-99.99, ,-99.99, ,-99.99, ,-99.99, ,-99.99, ,-99.99, ,-99.99, ,-99.99, ,-99.99, ,-99.99, ,-99.99, ,-99.99, ,-99.99, ,-99.99, 
12/10/1994 16:14,1994,12,10,16,14,1.423, , , ,3.691, ,6.641, , , , , ,3.3, , , ,0.955, , , , , , , ,-99.99, ,-99.99, , , ,-99.99, , , ,-99.99, , , ,-99.99, ,-99.99, ,-99.99, ,-99.99, ,-99.99, ,-99.99, ,-99.99, ,-99.99, ,-99.99, ,-99.99, ,-99.99, ,-99.99, ,-99.99, ,-99.99, ,-99.99, ,-99.99, ,-99.99, ,-99.99, 
12/10/1994 22:19,1994,12,10,22,19,1.363, , , ,3.681, ,6.632, , , , , ,3.51, , , ,1.006, , , , , , , ,-99.99, ,-99.99, , , ,-99.99, , , ,-99.99, , , ,-99.99, ,-99.99, ,-99.99, ,-99.99, ,-99.99, ,-99.99, ,-99.99, ,-99.99, ,-99.99, ,-99.99, ,-99.99, ,-99.99, ,-99.99, ,-99.99, ,-99.99, ,-99.99, ,-99.99, ,-99.99, 
12/11/1994 04:23,1994,12,11,4,23,1.453, , , ,3.681, ,6.681, , , , , ,3.39, , , ,1.006, , , , , , , ,-99.99, ,-99.99, , , ,-99.99, , , ,-99.99, , , ,-99.99, ,-99.99, ,-99.99, ,-99.99, ,-99.99, ,-99.99, ,-99.99, ,-99.99, ,-99.99, ,-99.99, ,-99.99, ,-99.99, ,-99.99, ,-99.99, ,-99.99, ,-99.99, ,-99.99, ,-99.99, 
12/11/1994 10:27,1994,12,11,10,27,1.443, , , ,3.731, ,6.602, , , , , ,3.5, , , ,1.037, , , , , , , ,-99.99, ,-99.99, , , ,-99.99, , , ,-99.99, , , ,-99.99, ,-99.99, ,-99.99, ,-99.99, ,-99.99, ,-99.99, ,-99.99, ,-99.99, ,-99.99, ,-99.99, ,-99.99, ,-99.99, ,-99.99, ,-99.99, ,-99.99, ,-99.99, ,-99.99, ,-99.99, 
12/11/1994 16:31,1994,12,11,16,31,1.403, , , ,3.651, ,6.533, , , , , ,3.49, , , ,0.986, , , , , , , ,-99.99, ,-99.99, , , ,-99.99, , , ,-99.99, , , ,-99.99, ,-99.99, ,-99.99, ,-99.99, ,-99.99, ,-99.99, ,-99.99, ,-99.99, ,-99.99, ,-99.99, ,-99.99, ,-99.99, ,-99.99, ,-99.99, ,-99.99, ,-99.99, ,-99.99, ,-99.99, 
12/11/1994 22:35,1994,12,11,22,35,1.642, , , ,4.142, ,6.945, , , , , ,3.36, , , ,1.386, , , , , , , ,-99.99, ,-99.99, , , ,-99.99, , , ,-99.99, , , ,-99.99, ,-99.99, ,-99.99, ,-99.99, ,-99.99, ,-99.99, ,-99.99, ,-99.99, ,-99.99, ,-99.99, ,-99.99, ,-99.99, ,-99.99, ,-99.99, ,-99.99, ,-99.99, ,-99.99, ,-99.99, 
12/12/1994 04:14,1994,12,12,4,14,1.672, , , ,4.323, ,7.25, , , , , ,3.28, , , ,1.438, , , , , , , ,-99.99, ,-99.99, , , ,-99.99, , , ,-99.99, , , ,-99.99, ,-99.99, ,-99.99, ,-99.99, ,-99.99, ,-99.99, ,-99.99, ,-99.99, ,-99.99, ,-99.99, ,-99.99, ,-99.99, ,-99.99, ,-99.99, ,-99.99, ,-99.99, ,-99.99, ,-99.99, 
12/12/1994 10:44,1994,12,12,10,44,1.612, , , ,4.172, ,7.21, , , , , ,3.52, , , ,1.202, , , , , , , ,-99.99, ,-99.99, , , ,-99.99, , , ,-99.99, , , ,-99.99, ,-99.99, ,-99.99, ,-99.99, ,-99.99, ,-99.99, ,-99.99, ,-99.99, ,-99.99, ,-99.99, ,-99.99, ,-99.99, ,-99.99, ,-99.99, ,-99.99, ,-99.99, ,-99.99, ,-99.99, 
12/12/1994 16:48,1994,12,12,16,48,1.612, , , ,4.122, ,7.279, , , , , ,3.43, , , ,1.212, , , , , , , ,-99.99, ,-99.99, , , ,-99.99, , , ,-99.99, , , ,-99.99, ,-99.99, ,-99.99, ,-99.99, ,-99.99, ,-99.99, ,-99.99, ,-99.99, ,-99.99, ,-99.99, ,-99.99, ,-99.99, ,-99.99, ,-99.99, ,-99.99, ,-99.99, ,-99.99, ,-99.99, 
12/12/1994 22:52,1994,12,12,22,52,1.642, , , ,4.243, ,7.348, , , , , ,3.45, , , ,1.304, , , , , , , ,-99.99, ,-99.99, , , ,-99.99, , , ,-99.99, , , ,-99.99, ,-99.99, ,-99.99, ,-99.99, ,-99.99, ,-99.99, ,-99.99, ,-99.99, ,-99.99, ,-99.99, ,-99.99, ,-99.99, ,-99.99, ,-99.99, ,-99.99, ,-99.99, ,-99.99, ,-99.99, 
12/13/1994 04:56,1994,12,13,4,56,1.642, , , ,4.263, ,7.397, , , , , ,3.57, , , ,1.253, , , , , , , ,-99.99, ,-99.99, , , ,-99.99, , , ,-99.99, , , ,-99.99, ,-99.99, ,-99.99, ,-99.99, ,-99.99, ,-99.99, ,-99.99, ,-99.99, ,-99.99, ,-99.99, ,-99.99, ,-99.99, ,-99.99, ,-99.99, ,-99.99, ,-99.99, ,-99.99, ,-99.99, 
12/13/1994 11:00,1994,12,13,11,0,1.731, , , ,4.303, ,7.534, , , , , ,3.44, , , ,1.243, , , , , , , ,-99.99, ,-99.99, , , ,-99.99, , , ,-99.99, , , ,-99.99, ,-99.99, ,-99.99, ,-99.99, ,-99.99, ,-99.99, ,-99.99, ,-99.99, ,-99.99, ,-99.99, ,-99.99, ,-99.99, ,-99.99, ,-99.99, ,-99.99, ,-99.99, ,-99.99, ,-99.99, 
12/13/1994 17:05,1994,12,13,17,5,1.692, , , ,4.323, ,7.446, , , , , ,3.6, , , ,1.212, , , , , , , ,-99.99, ,-99.99, , , ,-99.99, , , ,-99.99, , , ,-99.99, ,-99.99, ,-99.99, ,-99.99, ,-99.99, ,-99.99, ,-99.99, ,-99.99, ,-99.99, ,-99.99, ,-99.99, ,-99.99, ,-99.99, ,-99.99, ,-99.99, ,-99.99, ,-99.99, ,-99.99, 
12/13/1994 23:09,1994,12,13,23,9,1.701, , , ,4.223, ,7.985, , , , , ,3.51, , , ,1.243, , , , , , , ,-99.99, ,-99.99, , , ,-99.99, , , ,-99.99, , , ,-99.99, ,-99.99, ,-99.99, ,-99.99, ,-99.99, ,-99.99, ,-99.99, ,-99.99, ,-99.99, ,-99.99, ,-99.99, ,-99.99, ,-99.99, ,-99.99, ,-99.99, ,-99.99, ,-99.99, ,-99.99, 
12/14/1994 05:13,1994,12,14,5,13,1.741, , , ,4.283, ,7.514, , , , , ,3.51, , , ,1.232, , , , , , , ,-99.99, ,-99.99, , , ,-99.99, , , ,-99.99, , , ,-99.99, ,-99.99, ,-99.99, ,-99.99, ,-99.99, ,-99.99, ,-99.99, ,-99.99, ,-99.99, ,-99.99, ,-99.99, ,-99.99, ,-99.99, ,-99.99, ,-99.99, ,-99.99, ,-99.99, ,-99.99, 
12/14/1994 11:17,1994,12,14,11,17,1.741, , , ,4.413, ,7.76, P, , , , ,3.66, P, , ,1.253, , , , , , , ,-99.99, ,-99.99, , , ,-99.99, , , ,-99.99, , , ,-99.99, ,-99.99, ,-99.99, ,-99.99, ,-99.99, ,-99.99, ,-99.99, ,-99.99, ,-99.99, ,-99.99, ,-99.99, ,-99.99, ,-99.99, ,-99.99, ,-99.99, ,-99.99, ,-99.99, ,-99.99, 
12/14/1994 17:21,1994,12,14,17,21,1.771, , , ,8.174, P,8.289, P, , , , ,3.64, P, , ,1.304, , , , , , , ,-99.99, ,-99.99, , , ,-99.99, , , ,-99.99, , , ,-99.99, ,-99.99, ,-99.99, ,-99.99, ,-99.99, ,-99.99, ,-99.99, ,-99.99, ,-99.99, ,-99.99, ,-99.99, ,-99.99, ,-99.99, ,-99.99, ,-99.99, ,-99.99, ,-99.99, ,-99.99, 
12/14/1994 23:25,1994,12,14,23,25,1.92, P, , ,5.697, P,9.27, P, , , , ,3.89, P, , ,1.366, , , , , , , ,-99.99, ,-99.99, , , ,-99.99, , , ,-99.99, , , ,-99.99, ,-99.99, ,-99.99, ,-99.99, ,-99.99, ,-99.99, ,-99.99, ,-99.99, ,-99.99, ,-99.99, ,-99.99, ,-99.99, ,-99.99, ,-99.99, ,-99.99, ,-99.99, ,-99.99, ,-99.99, 
12/15/1994 05:30,1994,12,15,5,30,1.98, P, , ,5.797, P,8.289, P, , , , ,3.79, P, , ,1.315, , , , , , , ,-99.99, ,-99.99, , , ,-99.99, , , ,-99.99, , , ,-99.99, ,-99.99, ,-99.99, ,-99.99, ,-99.99, ,-99.99, ,-99.99, ,-99.99, ,-99.99, ,-99.99, ,-99.99, ,-99.99, ,-99.99, ,-99.99, ,-99.99, ,-99.99, ,-99.99, ,-99.99, 
12/15/1994 11:34,1994,12,15,11,34,1.602, , , ,4.042, ,7.23, , , , , ,3.36, , , ,1.273, , , , , , , ,-99.99, ,-99.99, , , ,-99.99, , , ,-99.99, , , ,-99.99, ,-99.99, ,-99.99, ,-99.99, ,-99.99, ,-99.99, ,-99.99, ,-99.99, ,-99.99, ,-99.99, ,-99.99, ,-99.99, ,-99.99, ,-99.99, ,-99.99, ,-99.99, ,-99.99, ,-99.99, 
12/15/1994 17:38,1994,12,15,17,38,1.612, , , ,4.062, ,7.25, , , , , ,3.4, , , ,1.171, , , , , , , ,-99.99, ,-99.99, , , ,-99.99, , , ,-99.99, , , ,-99.99, ,-99.99, ,-99.99, ,-99.99, ,-99.99, ,-99.99, ,-99.99, ,-99.99, ,-99.99, ,-99.99, ,-99.99, ,-99.99, ,-99.99, ,-99.99, ,-99.99, ,-99.99, ,-99.99, ,-99.99, 
12/15/1994 23:42,1994,12,15,23,42,1.622, , , ,4.022, ,7.191, , , , , ,3.39, , , ,1.15, , , , , , , ,-99.99, ,-99.99, , , ,-99.99, , , ,-99.99, , , ,-99.99, ,-99.99, ,-99.99, ,-99.99, ,-99.99, ,-99.99, ,-99.99, ,-99.99, ,-99.99, ,-99.99, ,-99.99, ,-99.99, ,-99.99, ,-99.99, ,-99.99, ,-99.99, ,-99.99, ,-99.99, 
12/16/1994 05:46,1994,12,16,5,46,1.672, , , ,4.162, ,7.161, , , , , ,3.55, , , ,1.232, , , , , , , ,-99.99, ,-99.99, , , ,-99.99, , , ,-99.99, , , ,-99.99, ,-99.99, ,-99.99, ,-99.99, ,-99.99, ,-99.99, ,-99.99, ,-99.99, ,-99.99, ,-99.99, ,-99.99, ,-99.99, ,-99.99, ,-99.99, ,-99.99, ,-99.99, ,-99.99, ,-99.99, 
12/16/1994 11:51,1994,12,16,11,51,1.662, , , ,4.172, ,7.22, , , , , ,3.41, , , ,1.222, , , , , , , ,-99.99, ,-99.99, , , ,-99.99, , , ,-99.99, , , ,-99.99, ,-99.99, ,-99.99, ,-99.99, ,-99.99, ,-99.99, ,-99.99, ,-99.99, ,-99.99, ,-99.99, ,-99.99, ,-99.99, ,-99.99, ,-99.99, ,-99.99, ,-99.99, ,-99.99, ,-99.99, 
12/16/1994 17:55,1994,12,16,17,55,1.612, , , ,4.102, ,7.181, , , , , ,3.4, , , ,1.161, , , , , , , ,-99.99, ,-99.99, , , ,-99.99, , , ,-99.99, , , ,-99.99, ,-99.99, ,-99.99, ,-99.99, ,-99.99, ,-99.99, ,-99.99, ,-99.99, ,-99.99, ,-99.99, ,-99.99, ,-99.99, ,-99.99, ,-99.99, ,-99.99, ,-99.99, ,-99.99, ,-99.99, 
12/16/1994 23:59,1994,12,16,23,59,1.741, , , ,4.483, ,7.338, , , , , ,3.51, , , ,1.53, , , , , , , ,-99.99, ,-99.99, , , ,-99.99, , , ,-99.99, , , ,-99.99, ,-99.99, ,-99.99, ,-99.99, ,-99.99, ,-99.99, ,-99.99, ,-99.99, ,-99.99, ,-99.99, ,-99.99, ,-99.99, ,-99.99, ,-99.99, ,-99.99, ,-99.99, ,-99.99, ,-99.99, 
12/17/1994 06:03,1994,12,17,6,3,1.672, , , ,4.413, ,7.279, , , , , ,3.52, , , ,1.479, , , , , , , ,-99.99, ,-99.99, , , ,-99.99, , , ,-99.99, , , ,-99.99, ,-99.99, ,-99.99, ,-99.99, ,-99.99, ,-99.99, ,-99.99, ,-99.99, ,-99.99, ,-99.99, ,-99.99, ,-99.99, ,-99.99, ,-99.99, ,-99.99, ,-99.99, ,-99.99, ,-99.99, 
12/17/1994 12:07,1994,12,17,12,7,1.642, , , ,4.022, ,7.269, , , , , ,3.45, , , ,1.253, , , , , , , ,-99.99, ,-99.99, , , ,-99.99, , , ,-99.99, , , ,-99.99, ,-99.99, ,-99.99, ,-99.99, ,-99.99, ,-99.99, ,-99.99, ,-99.99, ,-99.99, ,-99.99, ,-99.99, ,-99.99, ,-99.99, ,-99.99, ,-99.99, ,-99.99, ,-99.99, ,-99.99, 
12/17/1994 18:11,1994,12,17,18,11,1.632, , , ,4.072, ,7.25, , , , , ,3.39, , , ,1.202, , , , , , , ,-99.99, ,-99.99, , , ,-99.99, , , ,-99.99, , , ,-99.99, ,-99.99, ,-99.99, ,-99.99, ,-99.99, ,-99.99, ,-99.99, ,-99.99, ,-99.99, ,-99.99, ,-99.99, ,-99.99, ,-99.99, ,-99.99, ,-99.99, ,-99.99, ,-99.99, ,-99.99, 
12/18/1994 00:15,1994,12,18,0,15,1.652, , , ,4.112, ,7.299, , , , , ,3.38, , , ,1.191, , , , , , , ,-99.99, ,-99.99, , , ,-99.99, , , ,-99.99, , , ,-99.99, ,-99.99, ,-99.99, ,-99.99, ,-99.99, ,-99.99, ,-99.99, ,-99.99, ,-99.99, ,-99.99, ,-99.99, ,-99.99, ,-99.99, ,-99.99, ,-99.99, ,-99.99, ,-99.99, ,-99.99, 
12/18/1994 06:20,1994,12,18,6,20,1.672, , , ,4.082, ,7.338, , , , , ,3.45, , , ,1.232, , , , , , , ,-99.99, ,-99.99, , , ,-99.99, , , ,-99.99, , , ,-99.99, ,-99.99, ,-99.99, ,-99.99, ,-99.99, ,-99.99, ,-99.99, ,-99.99, ,-99.99, ,-99.99, ,-99.99, ,-99.99, ,-99.99, ,-99.99, ,-99.99, ,-99.99, ,-99.99, ,-99.99, 
12/18/1994 12:24,1994,12,18,12,24,1.622, , , ,4.132, ,7.269, , , , , ,3.38, , , ,1.212, , , , , , , ,-99.99, ,-99.99, , , ,-99.99, , , ,-99.99, , , ,-99.99, ,-99.99, ,-99.99, ,-99.99, ,-99.99, ,-99.99, ,-99.99, ,-99.99, ,-99.99, ,-99.99, ,-99.99, ,-99.99, ,-99.99, ,-99.99, ,-99.99, ,-99.99, ,-99.99, ,-99.99, 
12/18/1994 18:28,1994,12,18,18,28,1.612, , , ,4.022, ,7.25, , , , , ,3.37, , , ,1.161, , , , , , , ,-99.99, ,-99.99, , , ,-99.99, , , ,-99.99, , , ,-99.99, ,-99.99, ,-99.99, ,-99.99, ,-99.99, ,-99.99, ,-99.99, ,-99.99, ,-99.99, ,-99.99, ,-99.99, ,-99.99, ,-99.99, ,-99.99, ,-99.99, ,-99.99, ,-99.99, ,-99.99, 
12/19/1994 00:32,1994,12,19,0,32,1.662, , , ,4.062, ,7.269, , , , , ,3.38, , , ,1.232, , , , , , , ,-99.99, ,-99.99, , , ,-99.99, , , ,-99.99, , , ,-99.99, ,-99.99, ,-99.99, ,-99.99, ,-99.99, ,-99.99, ,-99.99, ,-99.99, ,-99.99, ,-99.99, ,-99.99, ,-99.99, ,-99.99, ,-99.99, ,-99.99, ,-99.99, ,-99.99, ,-99.99, 
12/19/1994 06:37,1994,12,19,6,37,1.632, , , ,4.082, ,7.151, , , , , ,3.43, , , ,1.222, , , , , , , ,-99.99, ,-99.99, , , ,-99.99, , , ,-99.99, , , ,-99.99, ,-99.99, ,-99.99, ,-99.99, ,-99.99, ,-99.99, ,-99.99, ,-99.99, ,-99.99, ,-99.99, ,-99.99, ,-99.99, ,-99.99, ,-99.99, ,-99.99, ,-99.99, ,-99.99, ,-99.99, 
12/19/1994 16:48,1994,12,19,16,48,1.642, , , ,4.072, ,7.21, , , , , ,3.39, , , ,1.161, , , , , , , ,-99.99, ,-99.99, , , ,-99.99, , , ,-99.99, , , ,-99.99, ,-99.99, ,-99.99, ,-99.99, ,-99.99, ,-99.99, ,-99.99, ,-99.99, ,-99.99, ,-99.99, ,-99.99, ,-99.99, ,-99.99, ,-99.99, ,-99.99, ,-99.99, ,-99.99, ,-99.99, 
12/19/1994 22:53,1994,12,19,22,53,1.672, , , ,4.132, ,7.122, , , , , ,3.35, , , ,1.181, , , , , , , ,-99.99, ,-99.99, , , ,-99.99, , , ,-99.99, , , ,-99.99, ,-99.99, ,-99.99, ,-99.99, ,-99.99, ,-99.99, ,-99.99, ,-99.99, ,-99.99, ,-99.99, ,-99.99, ,-99.99, ,-99.99, ,-99.99, ,-99.99, ,-99.99, ,-99.99, ,-99.99, 
12/20/1994 04:57,1994,12,20,4,57,1.642, , , ,4.062, ,7.171, , , , , ,3.37, , , ,1.181, , , , , , , ,-99.99, ,-99.99, , , ,-99.99, , , ,-99.99, , , ,-99.99, ,-99.99, ,-99.99, ,-99.99, ,-99.99, ,-99.99, ,-99.99, ,-99.99, ,-99.99, ,-99.99, ,-99.99, ,-99.99, ,-99.99, ,-99.99, ,-99.99, ,-99.99, ,-99.99, ,-99.99, 
12/20/1994 11:01,1994,12,20,11,1,1.89, P, , ,4.734, P,7.377, , , , , ,3.42, , , ,1.582, P, , , , , , ,-99.99, ,-99.99, , , ,-99.99, , , ,-99.99, , , ,-99.99, ,-99.99, ,-99.99, ,-99.99, ,-99.99, ,-99.99, ,-99.99, ,-99.99, ,-99.99, ,-99.99, ,-99.99, ,-99.99, ,-99.99, ,-99.99, ,-99.99, ,-99.99, ,-99.99, ,-99.99, 
12/20/1994 17:05,1994,12,20,17,5,1.622, , , ,3.962, ,6.965, , , , , ,3.38, , , ,1.13, , , , , , , ,-99.99, ,-99.99, , , ,-99.99, , , ,-99.99, , , ,-99.99, ,-99.99, ,-99.99, ,-99.99, ,-99.99, ,-99.99, ,-99.99, ,-99.99, ,-99.99, ,-99.99, ,-99.99, ,-99.99, ,-99.99, ,-99.99, ,-99.99, ,-99.99, ,-99.99, ,-99.99, 
12/22/1994 06:57,1994,12,22,6,57,1.801, , , ,5.446, P,7.985, P, , , , ,3.69, P, , ,1.263, , , , , , , ,-99.99, ,-99.99, , , ,-99.99, , , ,-99.99, , , ,-99.99, ,-99.99, ,-99.99, ,-99.99, ,-99.99, ,-99.99, ,-99.99, ,-99.99, ,-99.99, ,-99.99, ,-99.99, ,-99.99, ,-99.99, ,-99.99, ,-99.99, ,-99.99, ,-99.99, ,-99.99, 
12/22/1994 13:01,1994,12,22,13,1,1.721, , , ,4.604, P,7.465, , , , , ,3.45, , , ,1.335, , , , , , , ,-99.99, ,-99.99, , , ,-99.99, , , ,-99.99, , , ,-99.99, ,-99.99, ,-99.99, ,-99.99, ,-99.99, ,-99.99, ,-99.99, ,-99.99, ,-99.99, ,-99.99, ,-99.99, ,-99.99, ,-99.99, ,-99.99, ,-99.99, ,-99.99, ,-99.99, ,-99.99, 
12/22/1994 19:05,1994,12,22,19,5,1.831, , , ,5.216, P,7.583, , , , , ,3.63, P, , ,1.263, , , , , , , ,-99.99, ,-99.99, , , ,-99.99, , , ,-99.99, , , ,-99.99, ,-99.99, ,-99.99, ,-99.99, ,-99.99, ,-99.99, ,-99.99, ,-99.99, ,-99.99, ,-99.99, ,-99.99, ,-99.99, ,-99.99, ,-99.99, ,-99.99, ,-99.99, ,-99.99, ,-99.99, 
12/23/1994 01:10,1994,12,23,1,10,3.045, P, , ,4.995, P,7.701, , , , , ,3.64, P, , ,1.294, , , , , , , ,-99.99, ,-99.99, , , ,-99.99, , , ,-99.99, , , ,-99.99, ,-99.99, ,-99.99, ,-99.99, ,-99.99, ,-99.99, ,-99.99, ,-99.99, ,-99.99, ,-99.99, ,-99.99, ,-99.99, ,-99.99, ,-99.99, ,-99.99, ,-99.99, ,-99.99, ,-99.99, 
12/23/1994 07:14,1994,12,23,7,14,1.93, P, , ,5.125, P,7.583, , , , , ,3.63, P, , ,1.222, , , , , , , ,-99.99, ,-99.99, , , ,-99.99, , , ,-99.99, , , ,-99.99, ,-99.99, ,-99.99, ,-99.99, ,-99.99, ,-99.99, ,-99.99, ,-99.99, ,-99.99, ,-99.99, ,-99.99, ,-99.99, ,-99.99, ,-99.99, ,-99.99, ,-99.99, ,-99.99, ,-99.99, 
12/23/1994 13:18,1994,12,23,13,18,2.04, P, , ,4.975, P,8.172, P, , , , ,3.69, P, , ,1.232, , , , , , , ,-99.99, ,-99.99, , , ,-99.99, , , ,-99.99, , , ,-99.99, ,-99.99, ,-99.99, ,-99.99, ,-99.99, ,-99.99, ,-99.99, ,-99.99, ,-99.99, ,-99.99, ,-99.99, ,-99.99, ,-99.99, ,-99.99, ,-99.99, ,-99.99, ,-99.99, ,-99.99, 
12/23/1994 19:22,1994,12,23,19,22,1.871, P, , ,4.584, P,7.593, , , , , ,3.61, P, , ,1.222, , , , , , , ,-99.99, ,-99.99, , , ,-99.99, , , ,-99.99, , , ,-99.99, ,-99.99, ,-99.99, ,-99.99, ,-99.99, ,-99.99, ,-99.99, ,-99.99, ,-99.99, ,-99.99, ,-99.99, ,-99.99, ,-99.99, ,-99.99, ,-99.99, ,-99.99, ,-99.99, ,-99.99, 
12/24/1994 01:26,1994,12,24,1,26,1.522, , , ,3.811, ,6.769, , , , , ,3.38, , , ,1.048, , , , , , , ,-99.99, ,-99.99, , , ,-99.99, , , ,-99.99, , , ,-99.99, ,-99.99, ,-99.99, ,-99.99, ,-99.99, ,-99.99, ,-99.99, ,-99.99, ,-99.99, ,-99.99, ,-99.99, ,-99.99, ,-99.99, ,-99.99, ,-99.99, ,-99.99, ,-99.99, ,-99.99, 
12/24/1994 07:30,1994,12,24,7,30,1.9, P, , ,4.704, P,7.534, , , , , ,3.48, , , ,1.582, P, , , , , , ,-99.99, ,-99.99, , , ,-99.99, , , ,-99.99, , , ,-99.99, ,-99.99, ,-99.99, ,-99.99, ,-99.99, ,-99.99, ,-99.99, ,-99.99, ,-99.99, ,-99.99, ,-99.99, ,-99.99, ,-99.99, ,-99.99, ,-99.99, ,-99.99, ,-99.99, ,-99.99, 
12/24/1994 13:35,1994,12,24,13,35,1.831, , , ,4.473, P,7.475, , , , , ,3.37, , , ,1.366, , , , , , , ,-99.99, ,-99.99, , , ,-99.99, , , ,-99.99, , , ,-99.99, ,-99.99, ,-99.99, ,-99.99, ,-99.99, ,-99.99, ,-99.99, ,-99.99, ,-99.99, ,-99.99, ,-99.99, ,-99.99, ,-99.99, ,-99.99, ,-99.99, ,-99.99, ,-99.99, ,-99.99, 
12/24/1994 19:39,1994,12,24,19,39,1.771, , , ,4.343, ,7.25, , , , , ,3.4, , , ,1.294, , , , , , , ,-99.99, ,-99.99, , , ,-99.99, , , ,-99.99, , , ,-99.99, ,-99.99, ,-99.99, ,-99.99, ,-99.99, ,-99.99, ,-99.99, ,-99.99, ,-99.99, ,-99.99, ,-99.99, ,-99.99, ,-99.99, ,-99.99, ,-99.99, ,-99.99, ,-99.99, ,-99.99, 
12/25/1994 01:43,1994,12,25,1,43,1.682, , , ,4.112, ,7.191, , , , , ,3.41, , , ,1.181, , , , , , , ,-99.99, ,-99.99, , , ,-99.99, , , ,-99.99, , , ,-99.99, ,-99.99, ,-99.99, ,-99.99, ,-99.99, ,-99.99, ,-99.99, ,-99.99, ,-99.99, ,-99.99, ,-99.99, ,-99.99, ,-99.99, ,-99.99, ,-99.99, ,-99.99, ,-99.99, ,-99.99, 
12/25/1994 07:47,1994,12,25,7,47,2.05, P, , ,5.015, P,7.77, , , , , ,3.5, P, , ,1.828, P, , , , , , ,-99.99, ,-99.99, , , ,-99.99, , , ,-99.99, , , ,-99.99, ,-99.99, ,-99.99, ,-99.99, ,-99.99, ,-99.99, ,-99.99, ,-99.99, ,-99.99, ,-99.99, ,-99.99, ,-99.99, ,-99.99, ,-99.99, ,-99.99, ,-99.99, ,-99.99, ,-99.99, 
12/25/1994 19:55,1994,12,25,19,55,1.831, , , ,4.644, P,7.377, , , , , ,3.4, , , ,1.438, , , , , , , ,-99.99, ,-99.99, , , ,-99.99, , , ,-99.99, , , ,-99.99, ,-99.99, ,-99.99, ,-99.99, ,-99.99, ,-99.99, ,-99.99, ,-99.99, ,-99.99, ,-99.99, ,-99.99, ,-99.99, ,-99.99, ,-99.99, ,-99.99, ,-99.99, ,-99.99, ,-99.99, 
12/26/1994 01:59,1994,12,26,1,59,1.781, , , ,4.243, ,7.122, , , , , ,3.38, , , ,1.315, , , , , , , ,-99.99, ,-99.99, , , ,-99.99, , , ,-99.99, , , ,-99.99, ,-99.99, ,-99.99, ,-99.99, ,-99.99, ,-99.99, ,-99.99, ,-99.99, ,-99.99, ,-99.99, ,-99.99, ,-99.99, ,-99.99, ,-99.99, ,-99.99, ,-99.99, ,-99.99, ,-99.99, 
12/26/1994 08:03,1994,12,26,8,3,1.871, , , ,4.684, P,7.593, , , , , ,3.4, , , ,1.386, , , , , , , ,-99.99, ,-99.99, , , ,-99.99, , , ,-99.99, , , ,-99.99, ,-99.99, ,-99.99, ,-99.99, ,-99.99, ,-99.99, ,-99.99, ,-99.99, ,-99.99, ,-99.99, ,-99.99, ,-99.99, ,-99.99, ,-99.99, ,-99.99, ,-99.99, ,-99.99, ,-99.99, 
12/26/1994 14:07,1994,12,26,14,7,1.851, , , ,4.744, P,7.24, , , , , ,3.43, , , ,1.51, P, , , , , , ,-99.99, ,-99.99, , , ,-99.99, , , ,-99.99, , , ,-99.99, ,-99.99, ,-99.99, ,-99.99, ,-99.99, ,-99.99, ,-99.99, ,-99.99, ,-99.99, ,-99.99, ,-99.99, ,-99.99, ,-99.99, ,-99.99, ,-99.99, ,-99.99, ,-99.99, ,-99.99, 
12/26/1994 20:12,1994,12,26,20,12,1.831, , , ,4.734, P,7.308, , , , , ,3.41, , , ,1.582, P, , , , , , ,-99.99, ,-99.99, , , ,-99.99, , , ,-99.99, , , ,-99.99, ,-99.99, ,-99.99, ,-99.99, ,-99.99, ,-99.99, ,-99.99, ,-99.99, ,-99.99, ,-99.99, ,-99.99, ,-99.99, ,-99.99, ,-99.99, ,-99.99, ,-99.99, ,-99.99, ,-99.99, 
12/27/1994 02:16,1994,12,27,2,16,1.751, , , ,4.413, ,7.269, , , , , ,3.44, , , ,1.356, , , , , , , ,-99.99, ,-99.99, , , ,-99.99, , , ,-99.99, , , ,-99.99, ,-99.99, ,-99.99, ,-99.99, ,-99.99, ,-99.99, ,-99.99, ,-99.99, ,-99.99, ,-99.99, ,-99.99, ,-99.99, ,-99.99, ,-99.99, ,-99.99, ,-99.99, ,-99.99, ,-99.99, 
12/27/1994 08:20,1994,12,27,8,20,1.741, , , ,4.062, ,7.358, , , , , ,3.4, , , ,1.315, , , , , , , ,-99.99, ,-99.99, , , ,-99.99, , , ,-99.99, , , ,-99.99, ,-99.99, ,-99.99, ,-99.99, ,-99.99, ,-99.99, ,-99.99, ,-99.99, ,-99.99, ,-99.99, ,-99.99, ,-99.99, ,-99.99, ,-99.99, ,-99.99, ,-99.99, ,-99.99, ,-99.99, 
12/27/1994 14:24,1994,12,27,14,24,1.582, , , ,3.972, ,7.191, , , , , ,3.34, , , ,1.161, , , , , , , ,-99.99, ,-99.99, , , ,-99.99, , , ,-99.99, , , ,-99.99, ,-99.99, ,-99.99, ,-99.99, ,-99.99, ,-99.99, ,-99.99, ,-99.99, ,-99.99, ,-99.99, ,-99.99, ,-99.99, ,-99.99, ,-99.99, ,-99.99, ,-99.99, ,-99.99, ,-99.99, 
12/27/1994 20:28,1994,12,27,20,28,1.512, , , ,3.721, ,6.72, , , , , ,3.34, , , ,1.006, , , , , , , ,-99.99, ,-99.99, , , ,-99.99, , , ,-99.99, , , ,-99.99, ,-99.99, ,-99.99, ,-99.99, ,-99.99, ,-99.99, ,-99.99, ,-99.99, ,-99.99, ,-99.99, ,-99.99, ,-99.99, ,-99.99, ,-99.99, ,-99.99, ,-99.99, ,-99.99, ,-99.99, 
12/28/1994 02:32,1994,12,28,2,32,1.393, , , ,3.541, ,6.602, , , , , ,3.34, , , ,0.986, , , , , , , ,-99.99, ,-99.99, , , ,-99.99, , , ,-99.99, , , ,-99.99, ,-99.99, ,-99.99, ,-99.99, ,-99.99, ,-99.99, ,-99.99, ,-99.99, ,-99.99, ,-99.99, ,-99.99, ,-99.99, ,-99.99, ,-99.99, ,-99.99, ,-99.99, ,-99.99, ,-99.99, 
12/28/1994 08:37,1994,12,28,8,37,1.502, , , ,3.992, ,6.867, , , , , ,3.33, , , ,1.161, , , , , , , ,-99.99, ,-99.99, , , ,-99.99, , , ,-99.99, , , ,-99.99, ,-99.99, ,-99.99, ,-99.99, ,-99.99, ,-99.99, ,-99.99, ,-99.99, ,-99.99, ,-99.99, ,-99.99, ,-99.99, ,-99.99, ,-99.99, ,-99.99, ,-99.99, ,-99.99, ,-99.99, 
12/28/1994 14:41,1994,12,28,14,41,1.662, , , ,4.313, ,7.21, , , , , ,3.43, , , ,1.315, , , , , , , ,-99.99, ,-99.99, , , ,-99.99, , , ,-99.99, , , ,-99.99, ,-99.99, ,-99.99, ,-99.99, ,-99.99, ,-99.99, ,-99.99, ,-99.99, ,-99.99, ,-99.99, ,-99.99, ,-99.99, ,-99.99, ,-99.99, ,-99.99, ,-99.99, ,-99.99, ,-99.99, 
12/28/1994 20:45,1994,12,28,20,45,1.811, , , ,4.453, ,7.456, , , , , ,3.49, , , ,1.376, , , , , , , ,-99.99, ,-99.99, , , ,-99.99, , , ,-99.99, , , ,-99.99, ,-99.99, ,-99.99, ,-99.99, ,-99.99, ,-99.99, ,-99.99, ,-99.99, ,-99.99, ,-99.99, ,-99.99, ,-99.99, ,-99.99, ,-99.99, ,-99.99, ,-99.99, ,-99.99, ,-99.99, 
12/29/1994 02:49,1994,12,29,2,49,1.851, , , ,4.273, ,7.299, , , , , ,3.36, , , ,1.304, , , , , , , ,-99.99, ,-99.99, , , ,-99.99, , , ,-99.99, , , ,-99.99, ,-99.99, ,-99.99, ,-99.99, ,-99.99, ,-99.99, ,-99.99, ,-99.99, ,-99.99, ,-99.99, ,-99.99, ,-99.99, ,-99.99, ,-99.99, ,-99.99, ,-99.99, ,-99.99, ,-99.99, 
12/29/1994 13:10,1994,12,29,13,10,1.881, , , ,4.343, ,7.554, , , , , ,3.4, , , ,1.335, , , , , , , ,-99.99, ,-99.99, , , ,-99.99, , , ,-99.99, , , ,-99.99, ,-99.99, ,-99.99, ,-99.99, ,-99.99, ,-99.99, ,-99.99, ,-99.99, ,-99.99, ,-99.99, ,-99.99, ,-99.99, ,-99.99, ,-99.99, ,-99.99, ,-99.99, ,-99.99, ,-99.99, 
12/29/1994 19:14,1994,12,29,19,14,1.801, , , ,4.243, ,7.426, , , , , ,3.36, , , ,1.335, , , , , , , ,-99.99, ,-99.99, , , ,-99.99, , , ,-99.99, , , ,-99.99, ,-99.99, ,-99.99, ,-99.99, ,-99.99, ,-99.99, ,-99.99, ,-99.99, ,-99.99, ,-99.99, ,-99.99, ,-99.99, ,-99.99, ,-99.99, ,-99.99, ,-99.99, ,-99.99, ,-99.99, 
12/30/1994 01:18,1994,12,30,1,18,1.761, , , ,4.223, ,7.25, , , , , ,3.37, , , ,1.325, , , , , , , ,-99.99, ,-99.99, , , ,-99.99, , , ,-99.99, , , ,-99.99, ,-99.99, ,-99.99, ,-99.99, ,-99.99, ,-99.99, ,-99.99, ,-99.99, ,-99.99, ,-99.99, ,-99.99, ,-99.99, ,-99.99, ,-99.99, ,-99.99, ,-99.99, ,-99.99, ,-99.99, 
12/30/1994 07:22,1994,12,30,7,22,1.741, , , ,4.243, ,7.446, , , , , ,3.41, , , ,1.366, , , , , , , ,-99.99, ,-99.99, , , ,-99.99, , , ,-99.99, , , ,-99.99, ,-99.99, ,-99.99, ,-99.99, ,-99.99, ,-99.99, ,-99.99, ,-99.99, ,-99.99, ,-99.99, ,-99.99, ,-99.99, ,-99.99, ,-99.99, ,-99.99, ,-99.99, ,-99.99, ,-99.99, 
12/30/1994 13:26,1994,12,30,13,26,1.801, , , ,4.383, ,7.367, , , , , ,3.45, , , ,1.335, , , , , , , ,-99.99, ,-99.99, , , ,-99.99, , , ,-99.99, , , ,-99.99, ,-99.99, ,-99.99, ,-99.99, ,-99.99, ,-99.99, ,-99.99, ,-99.99, ,-99.99, ,-99.99, ,-99.99, ,-99.99, ,-99.99, ,-99.99, ,-99.99, ,-99.99, ,-99.99, ,-99.99, 
12/30/1994 19:30,1994,12,30,19,30,1.771, , , ,4.453, ,7.348, , , , , ,3.4, , , ,1.366, , , , , , , ,-99.99, ,-99.99, , , ,-99.99, , , ,-99.99, , , ,-99.99, ,-99.99, ,-99.99, ,-99.99, ,-99.99, ,-99.99, ,-99.99, ,-99.99, ,-99.99, ,-99.99, ,-99.99, ,-99.99, ,-99.99, ,-99.99, ,-99.99, ,-99.99, ,-99.99, ,-99.99, 
12/31/1994 01:34,1994,12,31,1,34,1.771, , , ,4.213, ,7.161, , , , , ,3.31, , , ,1.294, , , , , , , ,-99.99, ,-99.99, , , ,-99.99, , , ,-99.99, , , ,-99.99, ,-99.99, ,-99.99, ,-99.99, ,-99.99, ,-99.99, ,-99.99, ,-99.99, ,-99.99, ,-99.99, ,-99.99, ,-99.99, ,-99.99, ,-99.99, ,-99.99, ,-99.99, ,-99.99, ,-99.99, 
12/31/1994 07:39,1994,12,31,7,39,1.751, , , ,4.102, ,7.299, , , , , ,3.37, , , ,1.243, , , , , , , ,-99.99, ,-99.99, , , ,-99.99, , , ,-99.99, , , ,-99.99, ,-99.99, ,-99.99, ,-99.99, ,-99.99, ,-99.99, ,-99.99, ,-99.99, ,-99.99, ,-99.99, ,-99.99, ,-99.99, ,-99.99, ,-99.99, ,-99.99, ,-99.99, ,-99.99, ,-99.99, 
12/31/1994 13:41,1994,12,31,13,41,1.881, , , ,4.253, ,7.456, , , , , ,3.44, , , ,1.335, , , , , , , ,-99.99, ,-99.99, , , ,-99.99, , , ,-99.99, , , ,-99.99, ,-99.99, ,-99.99, ,-99.99, ,-99.99, ,-99.99, ,-99.99, ,-99.99, ,-99.99, ,-99.99, ,-99.99, ,-99.99, ,-99.99, ,-99.99, ,-99.99, ,-99.99, ,-99.99, ,-99.99, 
12/31/1994 19:44,1994,12,31,19,44,1.781, , , ,4.112, ,7.426, , , , , ,3.37, , , ,1.273, , , , , , , ,-99.99, ,-99.99, , , ,-99.99, , , ,-99.99, , , ,-99.99, ,-99.99, ,-99.99, ,-99.99, ,-99.99, ,-99.99, ,-99.99, ,-99.99, ,-99.99, ,-99.99, ,-99.99, ,-99.99, ,-99.99, ,-99.99, ,-99.99, ,-99.99, ,-99.99, ,-99.99, 
